batch_size,context_size,concurrency,k,routing_interval,strategy,configuration_order,repeat,request_index,latency_seconds,queue_seconds,service_seconds,actual_batch_size,semantics,request_id,task_id,task_type,step,state_sha256
1,128,4,1,1,single,0,0,0,0.5320122090051882,8.637498831376433e-05,0.5302966670133173,1,queue-inclusive service request,replay-0-0,48938588903be5f0,math,0,27b260dc9006998d3cc07116750a2301f7c074bb87935263baaacb82ceefc7a8
1,128,4,1,1,single,0,0,1,0.8627669580164365,0.5289653330110013,0.3319250830099918,1,queue-inclusive service request,replay-0-1,48938588903be5f0,math,1,4d29a3653f4820017fca9a079e23341f237a5e27ce6fd820d5bd2aa31f55f1d9
1,128,4,1,1,single,0,0,2,1.2312345830141567,0.860929083020892,0.3681835000170395,1,queue-inclusive service request,replay-1-0,5e269f66a46c0c02,retrieval,0,caebd297d2e6059d30182feb06b45dd81df40c616172d1aa4e6c323f3476ac02
1,128,4,1,1,single,0,0,3,1.5830164169892669,1.229199833003804,0.35228341695619747,1,queue-inclusive service request,replay-1-1,5e269f66a46c0c02,retrieval,1,ddce54a1ab2625971ce0f90f1e8c5cf711905c05a8b7073b1352bfcd34dcec16
1,128,4,1,1,single,0,0,4,1.896446083963383,1.5815109169925563,0.3130144999595359,1,queue-inclusive service request,replay-2-0,6f543ee6af6b8920,code,0,c12358112bcde5b798e8d49256aadcdb79a74920a12af33eceefc360c975ff72
1,128,4,1,1,single,0,0,5,2.2251200839527883,1.894552499987185,0.3290838340180926,1,queue-inclusive service request,replay-2-1,6f543ee6af6b8920,code,1,9af6b5b5e7c296e4e997a0afd43064896d908dd16fd94949b8497c0ec878a383
1,128,4,1,1,single,0,0,6,2.5324501249706373,2.223664791963529,0.3072061249986291,1,queue-inclusive service request,replay-3-0,54dc4983ab578f2c,code,0,d2e970ccba38ef38b5871c9673def3ba341759a05b280645e2e00d52671724e8
1,128,4,1,1,single,0,0,7,2.870290582999587,2.5309011669596657,0.33928012498654425,1,queue-inclusive service request,replay-3-1,54dc4983ab578f2c,code,1,a00e8bb8ae6325d5a92bab733139b8877628892cf432702c5b8e2be93963bb72
1,128,4,1,1,single,0,1,0,0.25165037502301857,9.458302520215511e-05,0.25000691699096933,1,queue-inclusive service request,replay-0-0,48938588903be5f0,math,0,27b260dc9006998d3cc07116750a2301f7c074bb87935263baaacb82ceefc7a8
1,128,4,1,1,single,0,1,1,0.5406833750312217,0.24867350002750754,0.29055320797488093,1,queue-inclusive service request,replay-0-1,48938588903be5f0,math,1,4d29a3653f4820017fca9a079e23341f237a5e27ce6fd820d5bd2aa31f55f1d9
1,128,4,1,1,single,0,1,2,0.8104718329850584,0.5392446659971029,0.26972129195928574,1,queue-inclusive service request,replay-1-0,5e269f66a46c0c02,retrieval,0,caebd297d2e6059d30182feb06b45dd81df40c616172d1aa4e6c323f3476ac02
1,128,4,1,1,single,0,1,3,1.1122495000017807,0.8089875000296161,0.30178108398104087,1,queue-inclusive service request,replay-1-1,5e269f66a46c0c02,retrieval,1,ddce54a1ab2625971ce0f90f1e8c5cf711905c05a8b7073b1352bfcd34dcec16
1,128,4,1,1,single,0,1,4,1.4337508330354467,1.1107912920415401,0.32148483296623453,1,queue-inclusive service request,replay-2-0,6f543ee6af6b8920,code,0,c12358112bcde5b798e8d49256aadcdb79a74920a12af33eceefc360c975ff72
1,128,4,1,1,single,0,1,5,1.7448706250288524,1.4322987500345334,0.3111014169990085,1,queue-inclusive service request,replay-2-1,6f543ee6af6b8920,code,1,9af6b5b5e7c296e4e997a0afd43064896d908dd16fd94949b8497c0ec878a383
1,128,4,1,1,single,0,1,6,2.0013731670333073,1.7434272920363583,0.25644074997399,1,queue-inclusive service request,replay-3-0,54dc4983ab578f2c,code,0,d2e970ccba38ef38b5871c9673def3ba341759a05b280645e2e00d52671724e8
1,128,4,1,1,single,0,1,7,2.298102625005413,1.99989508301951,0.29810166696552187,1,queue-inclusive service request,replay-3-1,54dc4983ab578f2c,code,1,a00e8bb8ae6325d5a92bab733139b8877628892cf432702c5b8e2be93963bb72
1,128,4,1,1,single,0,2,0,0.2479612500173971,6.933399708941579e-05,0.24633062502834946,1,queue-inclusive service request,replay-0-0,48938588903be5f0,math,0,27b260dc9006998d3cc07116750a2301f7c074bb87935263baaacb82ceefc7a8
1,128,4,1,1,single,0,2,1,0.5872825420228764,0.24504166701808572,0.3384649580111727,1,queue-inclusive service request,replay-0-1,48938588903be5f0,math,1,4d29a3653f4820017fca9a079e23341f237a5e27ce6fd820d5bd2aa31f55f1d9
1,128,4,1,1,single,0,2,2,0.8524770829826593,0.5835230829543434,0.26746216701576486,1,queue-inclusive service request,replay-1-0,5e269f66a46c0c02,retrieval,0,caebd297d2e6059d30182feb06b45dd81df40c616172d1aa4e6c323f3476ac02
1,128,4,1,1,single,0,2,3,1.160972000041511,0.8510034580249339,0.3085403330042027,1,queue-inclusive service request,replay-1-1,5e269f66a46c0c02,retrieval,1,ddce54a1ab2625971ce0f90f1e8c5cf711905c05a8b7073b1352bfcd34dcec16
1,128,4,1,1,single,0,2,4,1.4486189160379581,1.1595682500046678,0.28748354100389406,1,queue-inclusive service request,replay-2-0,6f543ee6af6b8920,code,0,c12358112bcde5b798e8d49256aadcdb79a74920a12af33eceefc360c975ff72
1,128,4,1,1,single,0,2,5,1.7507282090373337,1.4470834170351736,0.30218441697070375,1,queue-inclusive service request,replay-2-1,6f543ee6af6b8920,code,1,9af6b5b5e7c296e4e997a0afd43064896d908dd16fd94949b8497c0ec878a383
1,128,4,1,1,single,0,2,6,1.996628332999535,1.749294999986887,0.24576320801861584,1,queue-inclusive service request,replay-3-0,54dc4983ab578f2c,code,0,d2e970ccba38ef38b5871c9673def3ba341759a05b280645e2e00d52671724e8
1,128,4,1,1,single,0,2,7,2.3079856249969453,1.9950870829634368,0.31276137504028156,1,queue-inclusive service request,replay-3-1,54dc4983ab578f2c,code,1,a00e8bb8ae6325d5a92bab733139b8877628892cf432702c5b8e2be93963bb72
1,128,4,2,1,single,1,0,0,0.24516766698798165,0.00011908297892659903,0.24339358403813094,1,queue-inclusive service request,replay-0-0,48938588903be5f0,math,0,27b260dc9006998d3cc07116750a2301f7c074bb87935263baaacb82ceefc7a8
1,128,4,2,1,single,1,0,1,0.5271647909539752,0.24212258297484368,0.2835745830088854,1,queue-inclusive service request,replay-0-1,48938588903be5f0,math,1,4d29a3653f4820017fca9a079e23341f237a5e27ce6fd820d5bd2aa31f55f1d9
1,128,4,2,1,single,1,0,2,0.8329631659435108,0.5257170829572715,0.3056326250080019,1,queue-inclusive service request,replay-1-0,5e269f66a46c0c02,retrieval,0,caebd297d2e6059d30182feb06b45dd81df40c616172d1aa4e6c323f3476ac02
1,128,4,2,1,single,1,0,3,1.2067702499916777,0.8313860420021228,0.37347883300390095,1,queue-inclusive service request,replay-1-1,5e269f66a46c0c02,retrieval,1,ddce54a1ab2625971ce0f90f1e8c5cf711905c05a8b7073b1352bfcd34dcec16
1,128,4,2,1,single,1,0,4,1.5231137920054607,1.2048864999669604,0.316646708000917,1,queue-inclusive service request,replay-2-0,6f543ee6af6b8920,code,0,c12358112bcde5b798e8d49256aadcdb79a74920a12af33eceefc360c975ff72
1,128,4,2,1,single,1,0,5,1.9076001250068657,1.5215610840241425,0.3844339160132222,1,queue-inclusive service request,replay-2-1,6f543ee6af6b8920,code,1,9af6b5b5e7c296e4e997a0afd43064896d908dd16fd94949b8497c0ec878a383
1,128,4,2,1,single,1,0,6,3.493651291995775,1.9060239999671467,1.5850598340039141,1,queue-inclusive service request,replay-3-0,54dc4983ab578f2c,code,0,d2e970ccba38ef38b5871c9673def3ba341759a05b280645e2e00d52671724e8
1,128,4,2,1,single,1,0,7,3.895195833989419,3.4912032919819467,0.40386887500062585,1,queue-inclusive service request,replay-3-1,54dc4983ab578f2c,code,1,a00e8bb8ae6325d5a92bab733139b8877628892cf432702c5b8e2be93963bb72
1,128,4,2,1,single,1,1,0,0.2715930000413209,0.00016283401055261493,0.2699268750147894,1,queue-inclusive service request,replay-0-0,48938588903be5f0,math,0,27b260dc9006998d3cc07116750a2301f7c074bb87935263baaacb82ceefc7a8
1,128,4,2,1,single,1,1,1,0.6000284579931758,0.26853787497384474,0.32998495805077255,1,queue-inclusive service request,replay-0-1,48938588903be5f0,math,1,4d29a3653f4820017fca9a079e23341f237a5e27ce6fd820d5bd2aa31f55f1d9
1,128,4,2,1,single,1,1,2,0.9123409169842489,0.5985375000163913,0.3122528329840861,1,queue-inclusive service request,replay-1-0,5e269f66a46c0c02,retrieval,0,caebd297d2e6059d30182feb06b45dd81df40c616172d1aa4e6c323f3476ac02
1,128,4,2,1,single,1,1,3,1.251233917020727,0.9108138750307262,0.3389316250104457,1,queue-inclusive service request,replay-1-1,5e269f66a46c0c02,retrieval,1,ddce54a1ab2625971ce0f90f1e8c5cf711905c05a8b7073b1352bfcd34dcec16
1,128,4,2,1,single,1,1,4,1.537671166996006,1.2497692499891855,0.2863966670120135,1,queue-inclusive service request,replay-2-0,6f543ee6af6b8920,code,0,c12358112bcde5b798e8d49256aadcdb79a74920a12af33eceefc360c975ff72
1,128,4,2,1,single,1,1,5,1.8200028749997728,1.536194082989823,0.282388916995842,1,queue-inclusive service request,replay-2-1,6f543ee6af6b8920,code,1,9af6b5b5e7c296e4e997a0afd43064896d908dd16fd94949b8497c0ec878a383
1,128,4,2,1,single,1,1,6,2.053233124956023,1.8186113329720683,0.23314175003906712,1,queue-inclusive service request,replay-3-0,54dc4983ab578f2c,code,0,d2e970ccba38ef38b5871c9673def3ba341759a05b280645e2e00d52671724e8
1,128,4,2,1,single,1,1,7,2.39622358296765,2.051776999956928,0.3441559170023538,1,queue-inclusive service request,replay-3-1,54dc4983ab578f2c,code,1,a00e8bb8ae6325d5a92bab733139b8877628892cf432702c5b8e2be93963bb72
1,128,4,2,1,single,1,2,0,0.3206426249817014,7.162499241530895e-05,0.3189610840054229,1,queue-inclusive service request,replay-0-0,48938588903be5f0,math,0,27b260dc9006998d3cc07116750a2301f7c074bb87935263baaacb82ceefc7a8
1,128,4,2,1,single,1,2,1,0.7430457919836044,0.31733716698363423,0.42429266701219603,1,queue-inclusive service request,replay-0-1,48938588903be5f0,math,1,4d29a3653f4820017fca9a079e23341f237a5e27ce6fd820d5bd2aa31f55f1d9
1,128,4,2,1,single,1,2,2,1.0767623750143684,0.7416433339822106,0.33361995802260935,1,queue-inclusive service request,replay-1-0,5e269f66a46c0c02,retrieval,0,caebd297d2e6059d30182feb06b45dd81df40c616172d1aa4e6c323f3476ac02
1,128,4,2,1,single,1,2,3,1.3714250000193715,1.0752935410127975,0.2946917089866474,1,queue-inclusive service request,replay-1-1,5e269f66a46c0c02,retrieval,1,ddce54a1ab2625971ce0f90f1e8c5cf711905c05a8b7073b1352bfcd34dcec16
1,128,4,2,1,single,1,2,4,1.6379473339766264,1.3700032499618828,0.266438459046185,1,queue-inclusive service request,replay-2-0,6f543ee6af6b8920,code,0,c12358112bcde5b798e8d49256aadcdb79a74920a12af33eceefc360c975ff72
1,128,4,2,1,single,1,2,5,1.9786705420119688,1.6364663749700412,0.3406529170460999,1,queue-inclusive service request,replay-2-1,6f543ee6af6b8920,code,1,9af6b5b5e7c296e4e997a0afd43064896d908dd16fd94949b8497c0ec878a383
1,128,4,2,1,single,1,2,6,2.3180158750037663,1.9771473750006407,0.3393250420340337,1,queue-inclusive service request,replay-3-0,54dc4983ab578f2c,code,0,d2e970ccba38ef38b5871c9673def3ba341759a05b280645e2e00d52671724e8
1,128,4,2,1,single,1,2,7,2.6329241250059567,2.316507041978184,0.3162566659739241,1,queue-inclusive service request,replay-3-1,54dc4983ab578f2c,code,1,a00e8bb8ae6325d5a92bab733139b8877628892cf432702c5b8e2be93963bb72
1,128,1,2,1,dynamic,2,0,0,0.7767914999858476,5.2165938541293144e-05,0.776694750005845,1,queue-inclusive service request,replay-0-0,48938588903be5f0,math,0,27b260dc9006998d3cc07116750a2301f7c074bb87935263baaacb82ceefc7a8
1,128,1,2,1,dynamic,2,0,1,1.0914988340227865,0.7768181660212576,0.31464604201028123,1,queue-inclusive service request,replay-0-1,48938588903be5f0,math,1,4d29a3653f4820017fca9a079e23341f237a5e27ce6fd820d5bd2aa31f55f1d9
1,128,1,2,1,dynamic,2,0,2,1.3855634999927133,1.0915431239991449,0.29398404201492667,1,queue-inclusive service request,replay-1-0,5e269f66a46c0c02,retrieval,0,caebd297d2e6059d30182feb06b45dd81df40c616172d1aa4e6c323f3476ac02
1,128,1,2,1,dynamic,2,0,3,1.711545958998613,1.3856117500108667,0.3258955840137787,1,queue-inclusive service request,replay-1-1,5e269f66a46c0c02,retrieval,1,ddce54a1ab2625971ce0f90f1e8c5cf711905c05a8b7073b1352bfcd34dcec16
1,128,1,2,1,dynamic,2,0,4,1.9716217080131173,1.7115970409940928,0.2599770830129273,1,queue-inclusive service request,replay-2-0,6f543ee6af6b8920,code,0,c12358112bcde5b798e8d49256aadcdb79a74920a12af33eceefc360c975ff72
1,128,1,2,1,dynamic,2,0,5,2.266982832981739,1.9716742909513414,0.29526987503049895,1,queue-inclusive service request,replay-2-1,6f543ee6af6b8920,code,1,9af6b5b5e7c296e4e997a0afd43064896d908dd16fd94949b8497c0ec878a383
1,128,1,2,1,dynamic,2,0,6,2.5013915830058977,2.267033124982845,0.23432066600071266,1,queue-inclusive service request,replay-3-0,54dc4983ab578f2c,code,0,d2e970ccba38ef38b5871c9673def3ba341759a05b280645e2e00d52671724e8
1,128,1,2,1,dynamic,2,0,7,2.8129816250293516,2.5014394160243683,0.3115058339899406,1,queue-inclusive service request,replay-3-1,54dc4983ab578f2c,code,1,a00e8bb8ae6325d5a92bab733139b8877628892cf432702c5b8e2be93963bb72
1,128,1,2,1,dynamic,2,1,0,0.8023059999686666,3.2998970709741116e-05,0.8019656669930555,1,queue-inclusive service request,replay-0-0,48938588903be5f0,math,0,27b260dc9006998d3cc07116750a2301f7c074bb87935263baaacb82ceefc7a8
1,128,1,2,1,dynamic,2,1,1,1.660475165990647,0.8028217080282047,0.8573971660225652,1,queue-inclusive service request,replay-0-1,48938588903be5f0,math,1,4d29a3653f4820017fca9a079e23341f237a5e27ce6fd820d5bd2aa31f55f1d9
1,128,1,2,1,dynamic,2,1,2,2.0652908330084756,1.6605315830092877,0.40472037496510893,1,queue-inclusive service request,replay-1-0,5e269f66a46c0c02,retrieval,0,caebd297d2e6059d30182feb06b45dd81df40c616172d1aa4e6c323f3476ac02
1,128,1,2,1,dynamic,2,1,3,2.4173964579822496,2.065337499952875,0.3519802079536021,1,queue-inclusive service request,replay-1-1,5e269f66a46c0c02,retrieval,1,ddce54a1ab2625971ce0f90f1e8c5cf711905c05a8b7073b1352bfcd34dcec16
1,128,1,2,1,dynamic,2,1,4,2.695520708046388,2.4174800409819,0.2779950420372188,1,queue-inclusive service request,replay-2-0,6f543ee6af6b8920,code,0,c12358112bcde5b798e8d49256aadcdb79a74920a12af33eceefc360c975ff72
1,128,1,2,1,dynamic,2,1,5,2.9905336250085384,2.695572251046542,0.2949261670000851,1,queue-inclusive service request,replay-2-1,6f543ee6af6b8920,code,1,9af6b5b5e7c296e4e997a0afd43064896d908dd16fd94949b8497c0ec878a383
1,128,1,2,1,dynamic,2,1,6,4.254151374974754,2.9905782499699853,1.2633377920137718,1,queue-inclusive service request,replay-3-0,54dc4983ab578f2c,code,0,d2e970ccba38ef38b5871c9673def3ba341759a05b280645e2e00d52671724e8
1,128,1,2,1,dynamic,2,1,7,6.5767311249510385,4.254364583932329,2.295119291986339,1,queue-inclusive service request,replay-3-1,54dc4983ab578f2c,code,1,a00e8bb8ae6325d5a92bab733139b8877628892cf432702c5b8e2be93963bb72
1,128,1,2,1,dynamic,2,2,0,0.7688948329887353,0.0007270000060088933,0.7680988750071265,1,queue-inclusive service request,replay-0-0,48938588903be5f0,math,0,27b260dc9006998d3cc07116750a2301f7c074bb87935263baaacb82ceefc7a8
1,128,1,2,1,dynamic,2,2,1,1.1374117499799468,0.7683486249879934,0.3690262919990346,1,queue-inclusive service request,replay-0-1,48938588903be5f0,math,1,4d29a3653f4820017fca9a079e23341f237a5e27ce6fd820d5bd2aa31f55f1d9
1,128,1,2,1,dynamic,2,2,2,1.487538792018313,1.1374207920744084,0.35007995896739885,1,queue-inclusive service request,replay-1-0,5e269f66a46c0c02,retrieval,0,caebd297d2e6059d30182feb06b45dd81df40c616172d1aa4e6c323f3476ac02
1,128,1,2,1,dynamic,2,2,3,1.8491539580281824,1.4875868749804795,0.3614965840242803,1,queue-inclusive service request,replay-1-1,5e269f66a46c0c02,retrieval,1,ddce54a1ab2625971ce0f90f1e8c5cf711905c05a8b7073b1352bfcd34dcec16
1,128,1,2,1,dynamic,2,2,4,2.1886627919739112,1.8492122919415124,0.33941212500212714,1,queue-inclusive service request,replay-2-0,6f543ee6af6b8920,code,0,c12358112bcde5b798e8d49256aadcdb79a74920a12af33eceefc360c975ff72
1,128,1,2,1,dynamic,2,2,5,2.555160707968753,2.1887093739933334,0.3664105419884436,1,queue-inclusive service request,replay-2-1,6f543ee6af6b8920,code,1,9af6b5b5e7c296e4e997a0afd43064896d908dd16fd94949b8497c0ec878a383
1,128,1,2,1,dynamic,2,2,6,2.8336047080229037,2.555207083991263,0.2783595410292037,1,queue-inclusive service request,replay-3-0,54dc4983ab578f2c,code,0,d2e970ccba38ef38b5871c9673def3ba341759a05b280645e2e00d52671724e8
1,128,1,2,1,dynamic,2,2,7,3.1659698330331594,2.833652167057153,0.33227445802185684,1,queue-inclusive service request,replay-3-1,54dc4983ab578f2c,code,1,a00e8bb8ae6325d5a92bab733139b8877628892cf432702c5b8e2be93963bb72
4,128,4,1,1,single,3,0,0,0.2778175419662148,7.145799463614821e-05,0.2762436249759048,1,queue-inclusive service request,replay-0-0,48938588903be5f0,math,0,27b260dc9006998d3cc07116750a2301f7c074bb87935263baaacb82ceefc7a8
4,128,4,1,1,single,3,0,1,0.6020011249929667,0.2748808749602176,0.3255961670074612,1,queue-inclusive service request,replay-0-1,48938588903be5f0,math,1,4d29a3653f4820017fca9a079e23341f237a5e27ce6fd820d5bd2aa31f55f1d9
4,128,4,1,1,single,3,0,2,0.9469877500087023,0.6004892500350252,0.3450063749914989,1,queue-inclusive service request,replay-1-0,5e269f66a46c0c02,retrieval,0,caebd297d2e6059d30182feb06b45dd81df40c616172d1aa4e6c323f3476ac02
4,128,4,1,1,single,3,0,3,1.399296667019371,0.9455179170472547,0.4523687909822911,1,queue-inclusive service request,replay-1-1,5e269f66a46c0c02,retrieval,1,ddce54a1ab2625971ce0f90f1e8c5cf711905c05a8b7073b1352bfcd34dcec16
4,128,4,1,1,single,3,0,4,1.7299029160058126,1.3979091660003178,0.3304087499855086,1,queue-inclusive service request,replay-2-0,6f543ee6af6b8920,code,0,c12358112bcde5b798e8d49256aadcdb79a74920a12af33eceefc360c975ff72
4,128,4,1,1,single,3,0,5,2.1077042910037562,1.7283661660039797,0.37789287499617785,1,queue-inclusive service request,replay-2-1,6f543ee6af6b8920,code,1,9af6b5b5e7c296e4e997a0afd43064896d908dd16fd94949b8497c0ec878a383
4,128,4,1,1,single,3,0,6,2.5269502499722876,2.1062874579802155,0.41846779198385775,1,queue-inclusive service request,replay-3-0,54dc4983ab578f2c,code,0,d2e970ccba38ef38b5871c9673def3ba341759a05b280645e2e00d52671724e8
4,128,4,1,1,single,3,0,7,2.9285874579800293,2.5248870420036837,0.4035974579746835,1,queue-inclusive service request,replay-3-1,54dc4983ab578f2c,code,1,a00e8bb8ae6325d5a92bab733139b8877628892cf432702c5b8e2be93963bb72
4,128,4,1,1,single,3,1,0,0.37611424998613074,0.00015008298214524984,0.3742951250169426,1,queue-inclusive service request,replay-0-0,48938588903be5f0,math,0,27b260dc9006998d3cc07116750a2301f7c074bb87935263baaacb82ceefc7a8
4,128,4,1,1,single,3,1,1,1.4508926669950597,0.3729576670448296,1.0764015829772688,1,queue-inclusive service request,replay-0-1,48938588903be5f0,math,1,4d29a3653f4820017fca9a079e23341f237a5e27ce6fd820d5bd2aa31f55f1d9
4,128,4,1,1,single,3,1,2,1.8894458750146441,1.4493712920229882,0.43781162501545623,1,queue-inclusive service request,replay-1-0,5e269f66a46c0c02,retrieval,0,caebd297d2e6059d30182feb06b45dd81df40c616172d1aa4e6c323f3476ac02
4,128,4,1,1,single,3,1,3,2.3624708330025896,1.8872749999864027,0.4736100829904899,1,queue-inclusive service request,replay-1-1,5e269f66a46c0c02,retrieval,1,ddce54a1ab2625971ce0f90f1e8c5cf711905c05a8b7073b1352bfcd34dcec16
4,128,4,1,1,single,3,1,4,2.694026625016704,2.360930000024382,0.33150874997954816,1,queue-inclusive service request,replay-2-0,6f543ee6af6b8920,code,0,c12358112bcde5b798e8d49256aadcdb79a74920a12af33eceefc360c975ff72
4,128,4,1,1,single,3,1,5,3.026034458016511,2.6924660420045257,0.33208550000563264,1,queue-inclusive service request,replay-2-1,6f543ee6af6b8920,code,1,9af6b5b5e7c296e4e997a0afd43064896d908dd16fd94949b8497c0ec878a383
4,128,4,1,1,single,3,1,6,3.341685250052251,3.0245817500399426,0.31560429197270423,1,queue-inclusive service request,replay-3-0,54dc4983ab578f2c,code,0,d2e970ccba38ef38b5871c9673def3ba341759a05b280645e2e00d52671724e8
4,128,4,1,1,single,3,1,7,3.6797172499937005,3.340223291015718,0.33937845897162333,1,queue-inclusive service request,replay-3-1,54dc4983ab578f2c,code,1,a00e8bb8ae6325d5a92bab733139b8877628892cf432702c5b8e2be93963bb72
4,128,4,1,1,single,3,2,0,0.28704304102575406,0.00013887503882870078,0.28538470796775073,1,queue-inclusive service request,replay-0-0,48938588903be5f0,math,0,27b260dc9006998d3cc07116750a2301f7c074bb87935263baaacb82ceefc7a8
4,128,4,1,1,single,3,2,1,0.6327137500047684,0.28406325000105426,0.34708408400183544,1,queue-inclusive service request,replay-0-1,48938588903be5f0,math,1,4d29a3653f4820017fca9a079e23341f237a5e27ce6fd820d5bd2aa31f55f1d9
4,128,4,1,1,single,3,2,2,1.1096682089846581,0.6311657089972869,0.47693308297311887,1,queue-inclusive service request,replay-1-0,5e269f66a46c0c02,retrieval,0,caebd297d2e6059d30182feb06b45dd81df40c616172d1aa4e6c323f3476ac02
4,128,4,1,1,single,3,2,3,1.456393750035204,1.108119959011674,0.3466096249758266,1,queue-inclusive service request,replay-1-1,5e269f66a46c0c02,retrieval,1,ddce54a1ab2625971ce0f90f1e8c5cf711905c05a8b7073b1352bfcd34dcec16
4,128,4,1,1,single,3,2,4,1.7476610000012442,1.454755041981116,0.2911008750088513,1,queue-inclusive service request,replay-2-0,6f543ee6af6b8920,code,0,c12358112bcde5b798e8d49256aadcdb79a74920a12af33eceefc360c975ff72
4,128,4,1,1,single,3,2,5,2.1183792499941774,1.7459574170061387,0.3707520409952849,1,queue-inclusive service request,replay-2-1,6f543ee6af6b8920,code,1,9af6b5b5e7c296e4e997a0afd43064896d908dd16fd94949b8497c0ec878a383
4,128,4,1,1,single,3,2,6,2.4621841249754652,2.1167450409848243,0.3437765419948846,1,queue-inclusive service request,replay-3-0,54dc4983ab578f2c,code,0,d2e970ccba38ef38b5871c9673def3ba341759a05b280645e2e00d52671724e8
4,128,4,1,1,single,3,2,7,2.7988584999693558,2.4605522910133004,0.33819066698197275,1,queue-inclusive service request,replay-3-1,54dc4983ab578f2c,code,1,a00e8bb8ae6325d5a92bab733139b8877628892cf432702c5b8e2be93963bb72
4,128,4,2,1,dynamic,4,0,0,0.9539244159823284,4.654197255149484e-05,0.9537089579971507,4,queue-inclusive service request,replay-0-0,48938588903be5f0,math,0,27b260dc9006998d3cc07116750a2301f7c074bb87935263baaacb82ceefc7a8
4,128,4,2,1,dynamic,4,0,1,0.9539938329835422,3.6499928683042526e-05,0.9537089579971507,4,queue-inclusive service request,replay-0-1,48938588903be5f0,math,1,4d29a3653f4820017fca9a079e23341f237a5e27ce6fd820d5bd2aa31f55f1d9
4,128,4,2,1,dynamic,4,0,2,0.9539955419604667,3.2791984267532825e-05,0.9537089579971507,4,queue-inclusive service request,replay-1-0,5e269f66a46c0c02,retrieval,0,caebd297d2e6059d30182feb06b45dd81df40c616172d1aa4e6c323f3476ac02
4,128,4,2,1,dynamic,4,0,3,0.9539965830044821,3.0166993383318186e-05,0.9537089579971507,4,queue-inclusive service request,replay-1-1,5e269f66a46c0c02,retrieval,1,ddce54a1ab2625971ce0f90f1e8c5cf711905c05a8b7073b1352bfcd34dcec16
4,128,4,2,1,dynamic,4,0,4,2.637418999976944,0.9540964590269141,1.68322312500095,4,queue-inclusive service request,replay-2-0,6f543ee6af6b8920,code,0,c12358112bcde5b798e8d49256aadcdb79a74920a12af33eceefc360c975ff72
4,128,4,2,1,dynamic,4,0,5,2.6374433750170283,0.9541011670371518,1.68322312500095,4,queue-inclusive service request,replay-2-1,6f543ee6af6b8920,code,1,9af6b5b5e7c296e4e997a0afd43064896d908dd16fd94949b8497c0ec878a383
4,128,4,2,1,dynamic,4,0,6,2.637446458975319,0.9541005000355653,1.68322312500095,4,queue-inclusive service request,replay-3-0,54dc4983ab578f2c,code,0,d2e970ccba38ef38b5871c9673def3ba341759a05b280645e2e00d52671724e8
4,128,4,2,1,dynamic,4,0,7,2.6374483330291696,0.9541000840836205,1.68322312500095,4,queue-inclusive service request,replay-3-1,54dc4983ab578f2c,code,1,a00e8bb8ae6325d5a92bab733139b8877628892cf432702c5b8e2be93963bb72
4,128,4,2,1,dynamic,4,1,0,2.479599291982595,6.18749181739986e-05,2.479380709002726,4,queue-inclusive service request,replay-0-0,48938588903be5f0,math,0,27b260dc9006998d3cc07116750a2301f7c074bb87935263baaacb82ceefc7a8
4,128,4,2,1,dynamic,4,1,1,2.479630207992159,4.4915941543877125e-05,2.479380709002726,4,queue-inclusive service request,replay-0-1,48938588903be5f0,math,1,4d29a3653f4820017fca9a079e23341f237a5e27ce6fd820d5bd2aa31f55f1d9
4,128,4,2,1,dynamic,4,1,2,2.479629625042435,4.0207989513874054e-05,2.479380709002726,4,queue-inclusive service request,replay-1-0,5e269f66a46c0c02,retrieval,0,caebd297d2e6059d30182feb06b45dd81df40c616172d1aa4e6c323f3476ac02
4,128,4,2,1,dynamic,4,1,3,2.479634375020396,3.708299482241273e-05,2.479380709002726,4,queue-inclusive service request,replay-1-1,5e269f66a46c0c02,retrieval,1,ddce54a1ab2625971ce0f90f1e8c5cf711905c05a8b7073b1352bfcd34dcec16
4,128,4,2,1,dynamic,4,1,4,5.268873666005675,2.479892375005875,2.7888437079964206,4,queue-inclusive service request,replay-2-0,6f543ee6af6b8920,code,0,c12358112bcde5b798e8d49256aadcdb79a74920a12af33eceefc360c975ff72
4,128,4,2,1,dynamic,4,1,5,5.268908000027295,2.479897000011988,2.7888437079964206,4,queue-inclusive service request,replay-2-1,6f543ee6af6b8920,code,1,9af6b5b5e7c296e4e997a0afd43064896d908dd16fd94949b8497c0ec878a383
4,128,4,2,1,dynamic,4,1,6,5.268910082988441,2.4798965000081807,2.7888437079964206,4,queue-inclusive service request,replay-3-0,54dc4983ab578f2c,code,0,d2e970ccba38ef38b5871c9673def3ba341759a05b280645e2e00d52671724e8
4,128,4,2,1,dynamic,4,1,7,5.268911916005891,2.4798958330065943,2.7888437079964206,4,queue-inclusive service request,replay-3-1,54dc4983ab578f2c,code,1,a00e8bb8ae6325d5a92bab733139b8877628892cf432702c5b8e2be93963bb72
4,128,4,2,1,dynamic,4,2,0,2.929309666971676,6.279099034145474e-05,2.9289707090356387,4,queue-inclusive service request,replay-0-0,48938588903be5f0,math,0,27b260dc9006998d3cc07116750a2301f7c074bb87935263baaacb82ceefc7a8
4,128,4,2,1,dynamic,4,2,1,2.9293627080041915,4.333298420533538e-05,2.9289707090356387,4,queue-inclusive service request,replay-0-1,48938588903be5f0,math,1,4d29a3653f4820017fca9a079e23341f237a5e27ce6fd820d5bd2aa31f55f1d9
4,128,4,2,1,dynamic,4,2,2,2.9293621660326608,3.92080401070416e-05,2.9289707090356387,4,queue-inclusive service request,replay-1-0,5e269f66a46c0c02,retrieval,0,caebd297d2e6059d30182feb06b45dd81df40c616172d1aa4e6c323f3476ac02
4,128,4,2,1,dynamic,4,2,3,2.9293626670259982,3.6165991332381964e-05,2.9289707090356387,4,queue-inclusive service request,replay-1-1,5e269f66a46c0c02,retrieval,1,ddce54a1ab2625971ce0f90f1e8c5cf711905c05a8b7073b1352bfcd34dcec16
4,128,4,2,1,dynamic,4,2,4,5.814025125000626,2.9295314580085687,2.884338125004433,4,queue-inclusive service request,replay-2-0,6f543ee6af6b8920,code,0,c12358112bcde5b798e8d49256aadcdb79a74920a12af33eceefc360c975ff72
4,128,4,2,1,dynamic,4,2,5,5.814071125001647,2.9295456670224667,2.884338125004433,4,queue-inclusive service request,replay-2-1,6f543ee6af6b8920,code,1,9af6b5b5e7c296e4e997a0afd43064896d908dd16fd94949b8497c0ec878a383
4,128,4,2,1,dynamic,4,2,6,5.814077415969223,2.9295451659709215,2.884338125004433,4,queue-inclusive service request,replay-3-0,54dc4983ab578f2c,code,0,d2e970ccba38ef38b5871c9673def3ba341759a05b280645e2e00d52671724e8
4,128,4,2,1,dynamic,4,2,7,5.814080083975568,2.929544667014852,2.884338125004433,4,queue-inclusive service request,replay-3-1,54dc4983ab578f2c,code,1,a00e8bb8ae6325d5a92bab733139b8877628892cf432702c5b8e2be93963bb72
4,128,,1,1,batched,5,0,0,1.4481086250161752,,,4,offline completion from common arrival,replay-0-0,48938588903be5f0,math,0,27b260dc9006998d3cc07116750a2301f7c074bb87935263baaacb82ceefc7a8
4,128,,1,1,batched,5,0,1,1.4481086250161752,,,4,offline completion from common arrival,replay-0-1,48938588903be5f0,math,1,4d29a3653f4820017fca9a079e23341f237a5e27ce6fd820d5bd2aa31f55f1d9
4,128,,1,1,batched,5,0,2,1.4481086250161752,,,4,offline completion from common arrival,replay-1-0,5e269f66a46c0c02,retrieval,0,caebd297d2e6059d30182feb06b45dd81df40c616172d1aa4e6c323f3476ac02
4,128,,1,1,batched,5,0,3,1.4481086250161752,,,4,offline completion from common arrival,replay-1-1,5e269f66a46c0c02,retrieval,1,ddce54a1ab2625971ce0f90f1e8c5cf711905c05a8b7073b1352bfcd34dcec16
4,128,,1,1,batched,5,0,4,2.3689619170036167,,,4,offline completion from common arrival,replay-2-0,6f543ee6af6b8920,code,0,c12358112bcde5b798e8d49256aadcdb79a74920a12af33eceefc360c975ff72
4,128,,1,1,batched,5,0,5,2.3689619170036167,,,4,offline completion from common arrival,replay-2-1,6f543ee6af6b8920,code,1,9af6b5b5e7c296e4e997a0afd43064896d908dd16fd94949b8497c0ec878a383
4,128,,1,1,batched,5,0,6,2.3689619170036167,,,4,offline completion from common arrival,replay-3-0,54dc4983ab578f2c,code,0,d2e970ccba38ef38b5871c9673def3ba341759a05b280645e2e00d52671724e8
4,128,,1,1,batched,5,0,7,2.3689619170036167,,,4,offline completion from common arrival,replay-3-1,54dc4983ab578f2c,code,1,a00e8bb8ae6325d5a92bab733139b8877628892cf432702c5b8e2be93963bb72
4,128,,1,1,batched,5,1,0,0.8465190419810824,,,4,offline completion from common arrival,replay-0-0,48938588903be5f0,math,0,27b260dc9006998d3cc07116750a2301f7c074bb87935263baaacb82ceefc7a8
4,128,,1,1,batched,5,1,1,0.8465190419810824,,,4,offline completion from common arrival,replay-0-1,48938588903be5f0,math,1,4d29a3653f4820017fca9a079e23341f237a5e27ce6fd820d5bd2aa31f55f1d9
4,128,,1,1,batched,5,1,2,0.8465190419810824,,,4,offline completion from common arrival,replay-1-0,5e269f66a46c0c02,retrieval,0,caebd297d2e6059d30182feb06b45dd81df40c616172d1aa4e6c323f3476ac02
4,128,,1,1,batched,5,1,3,0.8465190419810824,,,4,offline completion from common arrival,replay-1-1,5e269f66a46c0c02,retrieval,1,ddce54a1ab2625971ce0f90f1e8c5cf711905c05a8b7073b1352bfcd34dcec16
4,128,,1,1,batched,5,1,4,1.7698365419637412,,,4,offline completion from common arrival,replay-2-0,6f543ee6af6b8920,code,0,c12358112bcde5b798e8d49256aadcdb79a74920a12af33eceefc360c975ff72
4,128,,1,1,batched,5,1,5,1.7698365419637412,,,4,offline completion from common arrival,replay-2-1,6f543ee6af6b8920,code,1,9af6b5b5e7c296e4e997a0afd43064896d908dd16fd94949b8497c0ec878a383
4,128,,1,1,batched,5,1,6,1.7698365419637412,,,4,offline completion from common arrival,replay-3-0,54dc4983ab578f2c,code,0,d2e970ccba38ef38b5871c9673def3ba341759a05b280645e2e00d52671724e8
4,128,,1,1,batched,5,1,7,1.7698365419637412,,,4,offline completion from common arrival,replay-3-1,54dc4983ab578f2c,code,1,a00e8bb8ae6325d5a92bab733139b8877628892cf432702c5b8e2be93963bb72
4,128,,1,1,batched,5,2,0,1.166233290976379,,,4,offline completion from common arrival,replay-0-0,48938588903be5f0,math,0,27b260dc9006998d3cc07116750a2301f7c074bb87935263baaacb82ceefc7a8
4,128,,1,1,batched,5,2,1,1.166233290976379,,,4,offline completion from common arrival,replay-0-1,48938588903be5f0,math,1,4d29a3653f4820017fca9a079e23341f237a5e27ce6fd820d5bd2aa31f55f1d9
4,128,,1,1,batched,5,2,2,1.166233290976379,,,4,offline completion from common arrival,replay-1-0,5e269f66a46c0c02,retrieval,0,caebd297d2e6059d30182feb06b45dd81df40c616172d1aa4e6c323f3476ac02
4,128,,1,1,batched,5,2,3,1.166233290976379,,,4,offline completion from common arrival,replay-1-1,5e269f66a46c0c02,retrieval,1,ddce54a1ab2625971ce0f90f1e8c5cf711905c05a8b7073b1352bfcd34dcec16
4,128,,1,1,batched,5,2,4,3.194748332956806,,,4,offline completion from common arrival,replay-2-0,6f543ee6af6b8920,code,0,c12358112bcde5b798e8d49256aadcdb79a74920a12af33eceefc360c975ff72
4,128,,1,1,batched,5,2,5,3.194748332956806,,,4,offline completion from common arrival,replay-2-1,6f543ee6af6b8920,code,1,9af6b5b5e7c296e4e997a0afd43064896d908dd16fd94949b8497c0ec878a383
4,128,,1,1,batched,5,2,6,3.194748332956806,,,4,offline completion from common arrival,replay-3-0,54dc4983ab578f2c,code,0,d2e970ccba38ef38b5871c9673def3ba341759a05b280645e2e00d52671724e8
4,128,,1,1,batched,5,2,7,3.194748332956806,,,4,offline completion from common arrival,replay-3-1,54dc4983ab578f2c,code,1,a00e8bb8ae6325d5a92bab733139b8877628892cf432702c5b8e2be93963bb72
4,128,4,2,1,single,6,0,0,0.31700762500986457,9.07920184545219e-05,0.31481383298523724,1,queue-inclusive service request,replay-0-0,48938588903be5f0,math,0,27b260dc9006998d3cc07116750a2301f7c074bb87935263baaacb82ceefc7a8
4,128,4,2,1,single,6,0,1,1.4937851250288077,0.31352424999931827,1.17870812502224,1,queue-inclusive service request,replay-0-1,48938588903be5f0,math,1,4d29a3653f4820017fca9a079e23341f237a5e27ce6fd820d5bd2aa31f55f1d9
4,128,4,2,1,single,6,0,2,1.896221166010946,1.4922467499854974,0.4021526660071686,1,queue-inclusive service request,replay-1-0,5e269f66a46c0c02,retrieval,0,caebd297d2e6059d30182feb06b45dd81df40c616172d1aa4e6c323f3476ac02
4,128,4,2,1,single,6,0,3,2.290075208991766,1.8944283750024624,0.3934060839819722,1,queue-inclusive service request,replay-1-1,5e269f66a46c0c02,retrieval,1,ddce54a1ab2625971ce0f90f1e8c5cf711905c05a8b7073b1352bfcd34dcec16
4,128,4,2,1,single,6,0,4,2.6670888750231825,2.287903791991994,0.3769874169956893,1,queue-inclusive service request,replay-2-0,6f543ee6af6b8920,code,0,c12358112bcde5b798e8d49256aadcdb79a74920a12af33eceefc360c975ff72
4,128,4,2,1,single,6,0,5,3.183233708026819,2.6649334170506336,0.5132878749864176,1,queue-inclusive service request,replay-2-1,6f543ee6af6b8920,code,1,9af6b5b5e7c296e4e997a0afd43064896d908dd16fd94949b8497c0ec878a383
4,128,4,2,1,single,6,0,6,5.475774875027128,3.1782539170235395,2.287875375011936,1,queue-inclusive service request,replay-3-0,54dc4983ab578f2c,code,0,d2e970ccba38ef38b5871c9673def3ba341759a05b280645e2e00d52671724e8
4,128,4,2,1,single,6,0,7,6.416380874987226,5.4667630000039935,0.9494349169544876,1,queue-inclusive service request,replay-3-1,54dc4983ab578f2c,code,1,a00e8bb8ae6325d5a92bab733139b8877628892cf432702c5b8e2be93963bb72
4,128,4,2,1,single,6,1,0,0.29033562500262633,0.0002168749924749136,0.2884665409801528,1,queue-inclusive service request,replay-0-0,48938588903be5f0,math,0,27b260dc9006998d3cc07116750a2301f7c074bb87935263baaacb82ceefc7a8
4,128,4,2,1,single,6,1,1,0.6398850409896113,0.28698325000004843,0.3512792499968782,1,queue-inclusive service request,replay-0-1,48938588903be5f0,math,1,4d29a3653f4820017fca9a079e23341f237a5e27ce6fd820d5bd2aa31f55f1d9
4,128,4,2,1,single,6,1,2,0.996463582967408,0.638276124955155,0.356648083019536,1,queue-inclusive service request,replay-1-0,5e269f66a46c0c02,retrieval,0,caebd297d2e6059d30182feb06b45dd81df40c616172d1aa4e6c323f3476ac02
4,128,4,2,1,single,6,1,3,1.424380833050236,0.9949447500403039,0.427431832998991,1,queue-inclusive service request,replay-1-1,5e269f66a46c0c02,retrieval,1,ddce54a1ab2625971ce0f90f1e8c5cf711905c05a8b7073b1352bfcd34dcec16
4,128,4,2,1,single,6,1,4,1.71059537504334,1.4224572500097565,0.28656224999576807,1,queue-inclusive service request,replay-2-0,6f543ee6af6b8920,code,0,c12358112bcde5b798e8d49256aadcdb79a74920a12af33eceefc360c975ff72
4,128,4,2,1,single,6,1,5,2.034582499996759,1.7090464169741608,0.32413954101502895,1,queue-inclusive service request,replay-2-1,6f543ee6af6b8920,code,1,9af6b5b5e7c296e4e997a0afd43064896d908dd16fd94949b8497c0ec878a383
4,128,4,2,1,single,6,1,6,2.310792708012741,2.033216832962353,0.27599637501407415,1,queue-inclusive service request,replay-3-0,54dc4983ab578f2c,code,0,d2e970ccba38ef38b5871c9673def3ba341759a05b280645e2e00d52671724e8
4,128,4,2,1,single,6,1,7,2.630198916012887,2.3092556659830734,0.32083566702203825,1,queue-inclusive service request,replay-3-1,54dc4983ab578f2c,code,1,a00e8bb8ae6325d5a92bab733139b8877628892cf432702c5b8e2be93963bb72
4,128,4,2,1,single,6,2,0,0.2697148750303313,0.00010429200483486056,0.26793900004122406,1,queue-inclusive service request,replay-0-0,48938588903be5f0,math,0,27b260dc9006998d3cc07116750a2301f7c074bb87935263baaacb82ceefc7a8
4,128,4,2,1,single,6,2,1,0.5838849579449743,0.26660058298148215,0.3156652500038035,1,queue-inclusive service request,replay-0-1,48938588903be5f0,math,1,4d29a3653f4820017fca9a079e23341f237a5e27ce6fd820d5bd2aa31f55f1d9
4,128,4,2,1,single,6,2,2,0.8861845000064932,0.5822922500083223,0.30234787496738136,1,queue-inclusive service request,replay-1-0,5e269f66a46c0c02,retrieval,0,caebd297d2e6059d30182feb06b45dd81df40c616172d1aa4e6c323f3476ac02
4,128,4,2,1,single,6,2,3,1.2135021669673733,0.8846610839827918,0.3273720830329694,1,queue-inclusive service request,replay-1-1,5e269f66a46c0c02,retrieval,1,ddce54a1ab2625971ce0f90f1e8c5cf711905c05a8b7073b1352bfcd34dcec16
4,128,4,2,1,single,6,2,4,1.533137333986815,1.2120552500127815,0.31945341697428375,1,queue-inclusive service request,replay-2-0,6f543ee6af6b8920,code,0,c12358112bcde5b798e8d49256aadcdb79a74920a12af33eceefc360c975ff72
4,128,4,2,1,single,6,2,5,1.8938753749825992,1.531535666959826,0.36076008301461115,1,queue-inclusive service request,replay-2-1,6f543ee6af6b8920,code,1,9af6b5b5e7c296e4e997a0afd43064896d908dd16fd94949b8497c0ec878a383
4,128,4,2,1,single,6,2,6,2.1804865839658305,1.8923259999719448,0.28662033402360976,1,queue-inclusive service request,replay-3-0,54dc4983ab578f2c,code,0,d2e970ccba38ef38b5871c9673def3ba341759a05b280645e2e00d52671724e8
4,128,4,2,1,single,6,2,7,2.5100723750074394,2.1789755409699865,0.3309897500439547,1,queue-inclusive service request,replay-3-1,54dc4983ab578f2c,code,1,a00e8bb8ae6325d5a92bab733139b8877628892cf432702c5b8e2be93963bb72
4,128,,3,1,batched,7,0,0,2.058126749994699,,,4,offline completion from common arrival,replay-0-0,48938588903be5f0,math,0,27b260dc9006998d3cc07116750a2301f7c074bb87935263baaacb82ceefc7a8
4,128,,3,1,batched,7,0,1,2.058126749994699,,,4,offline completion from common arrival,replay-0-1,48938588903be5f0,math,1,4d29a3653f4820017fca9a079e23341f237a5e27ce6fd820d5bd2aa31f55f1d9
4,128,,3,1,batched,7,0,2,2.058126749994699,,,4,offline completion from common arrival,replay-1-0,5e269f66a46c0c02,retrieval,0,caebd297d2e6059d30182feb06b45dd81df40c616172d1aa4e6c323f3476ac02
4,128,,3,1,batched,7,0,3,2.058126749994699,,,4,offline completion from common arrival,replay-1-1,5e269f66a46c0c02,retrieval,1,ddce54a1ab2625971ce0f90f1e8c5cf711905c05a8b7073b1352bfcd34dcec16
4,128,,3,1,batched,7,0,4,4.289827166998293,,,4,offline completion from common arrival,replay-2-0,6f543ee6af6b8920,code,0,c12358112bcde5b798e8d49256aadcdb79a74920a12af33eceefc360c975ff72
4,128,,3,1,batched,7,0,5,4.289827166998293,,,4,offline completion from common arrival,replay-2-1,6f543ee6af6b8920,code,1,9af6b5b5e7c296e4e997a0afd43064896d908dd16fd94949b8497c0ec878a383
4,128,,3,1,batched,7,0,6,4.289827166998293,,,4,offline completion from common arrival,replay-3-0,54dc4983ab578f2c,code,0,d2e970ccba38ef38b5871c9673def3ba341759a05b280645e2e00d52671724e8
4,128,,3,1,batched,7,0,7,4.289827166998293,,,4,offline completion from common arrival,replay-3-1,54dc4983ab578f2c,code,1,a00e8bb8ae6325d5a92bab733139b8877628892cf432702c5b8e2be93963bb72
4,128,,3,1,batched,7,1,0,0.887888458033558,,,4,offline completion from common arrival,replay-0-0,48938588903be5f0,math,0,27b260dc9006998d3cc07116750a2301f7c074bb87935263baaacb82ceefc7a8
4,128,,3,1,batched,7,1,1,0.887888458033558,,,4,offline completion from common arrival,replay-0-1,48938588903be5f0,math,1,4d29a3653f4820017fca9a079e23341f237a5e27ce6fd820d5bd2aa31f55f1d9
4,128,,3,1,batched,7,1,2,0.887888458033558,,,4,offline completion from common arrival,replay-1-0,5e269f66a46c0c02,retrieval,0,caebd297d2e6059d30182feb06b45dd81df40c616172d1aa4e6c323f3476ac02
4,128,,3,1,batched,7,1,3,0.887888458033558,,,4,offline completion from common arrival,replay-1-1,5e269f66a46c0c02,retrieval,1,ddce54a1ab2625971ce0f90f1e8c5cf711905c05a8b7073b1352bfcd34dcec16
4,128,,3,1,batched,7,1,4,1.7275370830320753,,,4,offline completion from common arrival,replay-2-0,6f543ee6af6b8920,code,0,c12358112bcde5b798e8d49256aadcdb79a74920a12af33eceefc360c975ff72
4,128,,3,1,batched,7,1,5,1.7275370830320753,,,4,offline completion from common arrival,replay-2-1,6f543ee6af6b8920,code,1,9af6b5b5e7c296e4e997a0afd43064896d908dd16fd94949b8497c0ec878a383
4,128,,3,1,batched,7,1,6,1.7275370830320753,,,4,offline completion from common arrival,replay-3-0,54dc4983ab578f2c,code,0,d2e970ccba38ef38b5871c9673def3ba341759a05b280645e2e00d52671724e8
4,128,,3,1,batched,7,1,7,1.7275370830320753,,,4,offline completion from common arrival,replay-3-1,54dc4983ab578f2c,code,1,a00e8bb8ae6325d5a92bab733139b8877628892cf432702c5b8e2be93963bb72
4,128,,3,1,batched,7,2,0,0.804902250005398,,,4,offline completion from common arrival,replay-0-0,48938588903be5f0,math,0,27b260dc9006998d3cc07116750a2301f7c074bb87935263baaacb82ceefc7a8
4,128,,3,1,batched,7,2,1,0.804902250005398,,,4,offline completion from common arrival,replay-0-1,48938588903be5f0,math,1,4d29a3653f4820017fca9a079e23341f237a5e27ce6fd820d5bd2aa31f55f1d9
4,128,,3,1,batched,7,2,2,0.804902250005398,,,4,offline completion from common arrival,replay-1-0,5e269f66a46c0c02,retrieval,0,caebd297d2e6059d30182feb06b45dd81df40c616172d1aa4e6c323f3476ac02
4,128,,3,1,batched,7,2,3,0.804902250005398,,,4,offline completion from common arrival,replay-1-1,5e269f66a46c0c02,retrieval,1,ddce54a1ab2625971ce0f90f1e8c5cf711905c05a8b7073b1352bfcd34dcec16
4,128,,3,1,batched,7,2,4,1.8901724169845693,,,4,offline completion from common arrival,replay-2-0,6f543ee6af6b8920,code,0,c12358112bcde5b798e8d49256aadcdb79a74920a12af33eceefc360c975ff72
4,128,,3,1,batched,7,2,5,1.8901724169845693,,,4,offline completion from common arrival,replay-2-1,6f543ee6af6b8920,code,1,9af6b5b5e7c296e4e997a0afd43064896d908dd16fd94949b8497c0ec878a383
4,128,,3,1,batched,7,2,6,1.8901724169845693,,,4,offline completion from common arrival,replay-3-0,54dc4983ab578f2c,code,0,d2e970ccba38ef38b5871c9673def3ba341759a05b280645e2e00d52671724e8
4,128,,3,1,batched,7,2,7,1.8901724169845693,,,4,offline completion from common arrival,replay-3-1,54dc4983ab578f2c,code,1,a00e8bb8ae6325d5a92bab733139b8877628892cf432702c5b8e2be93963bb72
4,128,,2,1,batched,8,0,0,0.8483766249846667,,,4,offline completion from common arrival,replay-0-0,48938588903be5f0,math,0,27b260dc9006998d3cc07116750a2301f7c074bb87935263baaacb82ceefc7a8
4,128,,2,1,batched,8,0,1,0.8483766249846667,,,4,offline completion from common arrival,replay-0-1,48938588903be5f0,math,1,4d29a3653f4820017fca9a079e23341f237a5e27ce6fd820d5bd2aa31f55f1d9
4,128,,2,1,batched,8,0,2,0.8483766249846667,,,4,offline completion from common arrival,replay-1-0,5e269f66a46c0c02,retrieval,0,caebd297d2e6059d30182feb06b45dd81df40c616172d1aa4e6c323f3476ac02
4,128,,2,1,batched,8,0,3,0.8483766249846667,,,4,offline completion from common arrival,replay-1-1,5e269f66a46c0c02,retrieval,1,ddce54a1ab2625971ce0f90f1e8c5cf711905c05a8b7073b1352bfcd34dcec16
4,128,,2,1,batched,8,0,4,1.6991426660097204,,,4,offline completion from common arrival,replay-2-0,6f543ee6af6b8920,code,0,c12358112bcde5b798e8d49256aadcdb79a74920a12af33eceefc360c975ff72
4,128,,2,1,batched,8,0,5,1.6991426660097204,,,4,offline completion from common arrival,replay-2-1,6f543ee6af6b8920,code,1,9af6b5b5e7c296e4e997a0afd43064896d908dd16fd94949b8497c0ec878a383
4,128,,2,1,batched,8,0,6,1.6991426660097204,,,4,offline completion from common arrival,replay-3-0,54dc4983ab578f2c,code,0,d2e970ccba38ef38b5871c9673def3ba341759a05b280645e2e00d52671724e8
4,128,,2,1,batched,8,0,7,1.6991426660097204,,,4,offline completion from common arrival,replay-3-1,54dc4983ab578f2c,code,1,a00e8bb8ae6325d5a92bab733139b8877628892cf432702c5b8e2be93963bb72
4,128,,2,1,batched,8,1,0,0.8510904579889029,,,4,offline completion from common arrival,replay-0-0,48938588903be5f0,math,0,27b260dc9006998d3cc07116750a2301f7c074bb87935263baaacb82ceefc7a8
4,128,,2,1,batched,8,1,1,0.8510904579889029,,,4,offline completion from common arrival,replay-0-1,48938588903be5f0,math,1,4d29a3653f4820017fca9a079e23341f237a5e27ce6fd820d5bd2aa31f55f1d9
4,128,,2,1,batched,8,1,2,0.8510904579889029,,,4,offline completion from common arrival,replay-1-0,5e269f66a46c0c02,retrieval,0,caebd297d2e6059d30182feb06b45dd81df40c616172d1aa4e6c323f3476ac02
4,128,,2,1,batched,8,1,3,0.8510904579889029,,,4,offline completion from common arrival,replay-1-1,5e269f66a46c0c02,retrieval,1,ddce54a1ab2625971ce0f90f1e8c5cf711905c05a8b7073b1352bfcd34dcec16
4,128,,2,1,batched,8,1,4,2.3864902920322493,,,4,offline completion from common arrival,replay-2-0,6f543ee6af6b8920,code,0,c12358112bcde5b798e8d49256aadcdb79a74920a12af33eceefc360c975ff72
4,128,,2,1,batched,8,1,5,2.3864902920322493,,,4,offline completion from common arrival,replay-2-1,6f543ee6af6b8920,code,1,9af6b5b5e7c296e4e997a0afd43064896d908dd16fd94949b8497c0ec878a383
4,128,,2,1,batched,8,1,6,2.3864902920322493,,,4,offline completion from common arrival,replay-3-0,54dc4983ab578f2c,code,0,d2e970ccba38ef38b5871c9673def3ba341759a05b280645e2e00d52671724e8
4,128,,2,1,batched,8,1,7,2.3864902920322493,,,4,offline completion from common arrival,replay-3-1,54dc4983ab578f2c,code,1,a00e8bb8ae6325d5a92bab733139b8877628892cf432702c5b8e2be93963bb72
4,128,,2,1,batched,8,2,0,2.462418707960751,,,4,offline completion from common arrival,replay-0-0,48938588903be5f0,math,0,27b260dc9006998d3cc07116750a2301f7c074bb87935263baaacb82ceefc7a8
4,128,,2,1,batched,8,2,1,2.462418707960751,,,4,offline completion from common arrival,replay-0-1,48938588903be5f0,math,1,4d29a3653f4820017fca9a079e23341f237a5e27ce6fd820d5bd2aa31f55f1d9
4,128,,2,1,batched,8,2,2,2.462418707960751,,,4,offline completion from common arrival,replay-1-0,5e269f66a46c0c02,retrieval,0,caebd297d2e6059d30182feb06b45dd81df40c616172d1aa4e6c323f3476ac02
4,128,,2,1,batched,8,2,3,2.462418707960751,,,4,offline completion from common arrival,replay-1-1,5e269f66a46c0c02,retrieval,1,ddce54a1ab2625971ce0f90f1e8c5cf711905c05a8b7073b1352bfcd34dcec16
4,128,,2,1,batched,8,2,4,3.392051166971214,,,4,offline completion from common arrival,replay-2-0,6f543ee6af6b8920,code,0,c12358112bcde5b798e8d49256aadcdb79a74920a12af33eceefc360c975ff72
4,128,,2,1,batched,8,2,5,3.392051166971214,,,4,offline completion from common arrival,replay-2-1,6f543ee6af6b8920,code,1,9af6b5b5e7c296e4e997a0afd43064896d908dd16fd94949b8497c0ec878a383
4,128,,2,1,batched,8,2,6,3.392051166971214,,,4,offline completion from common arrival,replay-3-0,54dc4983ab578f2c,code,0,d2e970ccba38ef38b5871c9673def3ba341759a05b280645e2e00d52671724e8
4,128,,2,1,batched,8,2,7,3.392051166971214,,,4,offline completion from common arrival,replay-3-1,54dc4983ab578f2c,code,1,a00e8bb8ae6325d5a92bab733139b8877628892cf432702c5b8e2be93963bb72
4,128,1,3,1,dynamic,9,0,0,0.38848925003549084,0.002334249031264335,0.3861055839806795,1,queue-inclusive service request,replay-0-0,48938588903be5f0,math,0,27b260dc9006998d3cc07116750a2301f7c074bb87935263baaacb82ceefc7a8
4,128,1,3,1,dynamic,9,0,1,0.9604805410490371,0.39080845803255215,0.5695761250099167,1,queue-inclusive service request,replay-0-1,48938588903be5f0,math,1,4d29a3653f4820017fca9a079e23341f237a5e27ce6fd820d5bd2aa31f55f1d9
4,128,1,3,1,dynamic,9,0,2,2.6992960409843363,0.9628378750057891,1.7363084169919603,1,queue-inclusive service request,replay-1-0,5e269f66a46c0c02,retrieval,0,caebd297d2e6059d30182feb06b45dd81df40c616172d1aa4e6c323f3476ac02
4,128,1,3,1,dynamic,9,0,3,4.84679037501337,2.7017381250625476,2.1448490420007147,1,queue-inclusive service request,replay-1-1,5e269f66a46c0c02,retrieval,1,ddce54a1ab2625971ce0f90f1e8c5cf711905c05a8b7073b1352bfcd34dcec16
4,128,1,3,1,dynamic,9,0,4,5.39256025000941,4.849291833059397,0.5432235829648562,1,queue-inclusive service request,replay-2-0,6f543ee6af6b8920,code,0,c12358112bcde5b798e8d49256aadcdb79a74920a12af33eceefc360c975ff72
4,128,1,3,1,dynamic,9,0,5,6.534794665989466,5.394939832971431,1.1397243330138735,1,queue-inclusive service request,replay-2-1,6f543ee6af6b8920,code,1,9af6b5b5e7c296e4e997a0afd43064896d908dd16fd94949b8497c0ec878a383
4,128,1,3,1,dynamic,9,0,6,7.684502666990738,6.53727579297265,1.1471858749864623,1,queue-inclusive service request,replay-3-0,54dc4983ab578f2c,code,0,d2e970ccba38ef38b5871c9673def3ba341759a05b280645e2e00d52671724e8
4,128,1,3,1,dynamic,9,0,7,8.026440499990713,7.686872373975348,0.3395226669963449,1,queue-inclusive service request,replay-3-1,54dc4983ab578f2c,code,1,a00e8bb8ae6325d5a92bab733139b8877628892cf432702c5b8e2be93963bb72
4,128,1,3,1,dynamic,9,1,0,0.2726165410131216,0.002365041058510542,0.2702115829451941,1,queue-inclusive service request,replay-0-0,48938588903be5f0,math,0,27b260dc9006998d3cc07116750a2301f7c074bb87935263baaacb82ceefc7a8
4,128,1,3,1,dynamic,9,1,1,0.5978217500378378,0.2749456660239957,0.3228363749803975,1,queue-inclusive service request,replay-0-1,48938588903be5f0,math,1,4d29a3653f4820017fca9a079e23341f237a5e27ce6fd820d5bd2aa31f55f1d9
4,128,1,3,1,dynamic,9,1,2,0.9549644580110908,0.6001687920070253,0.35475649998988956,1,queue-inclusive service request,replay-1-0,5e269f66a46c0c02,retrieval,0,caebd297d2e6059d30182feb06b45dd81df40c616172d1aa4e6c323f3476ac02
4,128,1,3,1,dynamic,9,1,3,1.2871087500243448,0.9573203339823522,0.3297040000325069,1,queue-inclusive service request,replay-1-1,5e269f66a46c0c02,retrieval,1,ddce54a1ab2625971ce0f90f1e8c5cf711905c05a8b7073b1352bfcd34dcec16
4,128,1,3,1,dynamic,9,1,4,1.5878074999782257,1.2894718329771422,0.29828437499236315,1,queue-inclusive service request,replay-2-0,6f543ee6af6b8920,code,0,c12358112bcde5b798e8d49256aadcdb79a74920a12af33eceefc360c975ff72
4,128,1,3,1,dynamic,9,1,5,1.920957583002746,1.590160083025694,0.3307596250087954,1,queue-inclusive service request,replay-2-1,6f543ee6af6b8920,code,1,9af6b5b5e7c296e4e997a0afd43064896d908dd16fd94949b8497c0ec878a383
4,128,1,3,1,dynamic,9,1,6,2.23194245796185,1.9232868749531917,0.30861412500962615,1,queue-inclusive service request,replay-3-0,54dc4983ab578f2c,code,0,d2e970ccba38ef38b5871c9673def3ba341759a05b280645e2e00d52671724e8
4,128,1,3,1,dynamic,9,1,7,2.6286699160118587,2.2342962080147117,0.3943308750167489,1,queue-inclusive service request,replay-3-1,54dc4983ab578f2c,code,1,a00e8bb8ae6325d5a92bab733139b8877628892cf432702c5b8e2be93963bb72
4,128,1,3,1,dynamic,9,2,0,0.4173060409957543,0.002365998981986195,0.4148983749910258,1,queue-inclusive service request,replay-0-0,48938588903be5f0,math,0,27b260dc9006998d3cc07116750a2301f7c074bb87935263baaacb82ceefc7a8
4,128,1,3,1,dynamic,9,2,1,1.4175879589747638,0.419643125962466,0.9979015830322169,1,queue-inclusive service request,replay-0-1,48938588903be5f0,math,1,4d29a3653f4820017fca9a079e23341f237a5e27ce6fd820d5bd2aa31f55f1d9
4,128,1,3,1,dynamic,9,2,2,3.03394804202253,1.4199360840721056,1.6136009579640813,1,queue-inclusive service request,replay-1-0,5e269f66a46c0c02,retrieval,0,caebd297d2e6059d30182feb06b45dd81df40c616172d1aa4e6c323f3476ac02
4,128,1,3,1,dynamic,9,2,3,5.735403541009873,3.0365200000233017,2.6987015419872478,1,queue-inclusive service request,replay-1-1,5e269f66a46c0c02,retrieval,1,ddce54a1ab2625971ce0f90f1e8c5cf711905c05a8b7073b1352bfcd34dcec16
4,128,1,3,1,dynamic,9,2,4,6.672734332969412,5.737845750001725,0.9348353749956004,1,queue-inclusive service request,replay-2-0,6f543ee6af6b8920,code,0,c12358112bcde5b798e8d49256aadcdb79a74920a12af33eceefc360c975ff72
4,128,1,3,1,dynamic,9,2,5,7.0416934579843655,6.67507737595588,0.36657654104055837,1,queue-inclusive service request,replay-2-1,6f543ee6af6b8920,code,1,9af6b5b5e7c296e4e997a0afd43064896d908dd16fd94949b8497c0ec878a383
4,128,1,3,1,dynamic,9,2,6,7.363806292007212,7.04403137601912,0.31973524997010827,1,queue-inclusive service request,replay-3-0,54dc4983ab578f2c,code,0,d2e970ccba38ef38b5871c9673def3ba341759a05b280645e2e00d52671724e8
4,128,1,3,1,dynamic,9,2,7,7.754818875051569,7.366149124049116,0.3886015000171028,1,queue-inclusive service request,replay-3-1,54dc4983ab578f2c,code,1,a00e8bb8ae6325d5a92bab733139b8877628892cf432702c5b8e2be93963bb72
1,128,4,1,1,dynamic,12,0,0,0.2706177920335904,5.1042065024375916e-05,0.26912849996006116,1,queue-inclusive service request,replay-0-0,48938588903be5f0,math,0,27b260dc9006998d3cc07116750a2301f7c074bb87935263baaacb82ceefc7a8
1,128,4,1,1,dynamic,12,0,1,0.5865721250302158,0.2691766250063665,0.31604125001467764,1,queue-inclusive service request,replay-0-1,48938588903be5f0,math,1,4d29a3653f4820017fca9a079e23341f237a5e27ce6fd820d5bd2aa31f55f1d9
1,128,4,1,1,dynamic,12,0,2,0.8989016249543056,0.5852230829768814,0.3121826249989681,1,queue-inclusive service request,replay-1-0,5e269f66a46c0c02,retrieval,0,caebd297d2e6059d30182feb06b45dd81df40c616172d1aa4e6c323f3476ac02
1,128,4,1,1,dynamic,12,0,3,1.2836056250380352,0.8974119160557166,0.3844372080056928,1,queue-inclusive service request,replay-1-1,5e269f66a46c0c02,retrieval,1,ddce54a1ab2625971ce0f90f1e8c5cf711905c05a8b7073b1352bfcd34dcec16
1,128,4,1,1,dynamic,12,0,4,1.8839422090095468,1.2818512929952703,0.59981941600563,1,queue-inclusive service request,replay-2-0,6f543ee6af6b8920,code,0,c12358112bcde5b798e8d49256aadcdb79a74920a12af33eceefc360c975ff72
1,128,4,1,1,dynamic,12,0,5,4.03286479198141,1.8816809160052799,2.1445186670171097,1,queue-inclusive service request,replay-2-1,6f543ee6af6b8920,code,1,9af6b5b5e7c296e4e997a0afd43064896d908dd16fd94949b8497c0ec878a383
1,128,4,1,1,dynamic,12,0,6,5.696315833018161,4.026317167037632,1.6679372909711674,1,queue-inclusive service request,replay-3-0,54dc4983ab578f2c,code,0,d2e970ccba38ef38b5871c9673def3ba341759a05b280645e2e00d52671724e8
1,128,4,1,1,dynamic,12,0,7,6.09941958298441,5.694275582965929,0.40509170899167657,1,queue-inclusive service request,replay-3-1,54dc4983ab578f2c,code,1,a00e8bb8ae6325d5a92bab733139b8877628892cf432702c5b8e2be93963bb72
1,128,4,1,1,dynamic,12,1,0,0.2926169579732232,5.0540955271571875e-05,0.2911009169765748,1,queue-inclusive service request,replay-0-0,48938588903be5f0,math,0,27b260dc9006998d3cc07116750a2301f7c074bb87935263baaacb82ceefc7a8
1,128,4,1,1,dynamic,12,1,1,0.6945742920506746,0.2911436250433326,0.4018834579619579,1,queue-inclusive service request,replay-0-1,48938588903be5f0,math,1,4d29a3653f4820017fca9a079e23341f237a5e27ce6fd820d5bd2aa31f55f1d9
1,128,4,1,1,dynamic,12,1,2,1.3744157920009457,0.6930324169807136,0.679487458022777,1,queue-inclusive service request,replay-1-0,5e269f66a46c0c02,retrieval,0,caebd297d2e6059d30182feb06b45dd81df40c616172d1aa4e6c323f3476ac02
1,128,4,1,1,dynamic,12,1,3,2.5292750420048833,1.3725271669682115,1.154427208006382,1,queue-inclusive service request,replay-1-1,5e269f66a46c0c02,retrieval,1,ddce54a1ab2625971ce0f90f1e8c5cf711905c05a8b7073b1352bfcd34dcec16
1,128,4,1,1,dynamic,12,1,4,3.0286855419981293,2.527001917012967,0.4999937919783406,1,queue-inclusive service request,replay-2-0,6f543ee6af6b8920,code,0,c12358112bcde5b798e8d49256aadcdb79a74920a12af33eceefc360c975ff72
1,128,4,1,1,dynamic,12,1,5,3.370295041007921,3.027005708019715,0.3417484579840675,1,queue-inclusive service request,replay-2-1,6f543ee6af6b8920,code,1,9af6b5b5e7c296e4e997a0afd43064896d908dd16fd94949b8497c0ec878a383
1,128,4,1,1,dynamic,12,1,6,3.8090282090124674,3.3687987090670504,0.4387728750007227,1,queue-inclusive service request,replay-3-0,54dc4983ab578f2c,code,0,d2e970ccba38ef38b5871c9673def3ba341759a05b280645e2e00d52671724e8
1,128,4,1,1,dynamic,12,1,7,4.147290209017228,3.8075815420015715,0.3396669999929145,1,queue-inclusive service request,replay-3-1,54dc4983ab578f2c,code,1,a00e8bb8ae6325d5a92bab733139b8877628892cf432702c5b8e2be93963bb72
1,128,4,1,1,dynamic,12,2,0,0.3503917080233805,4.754099063575268e-05,0.34884079202311113,1,queue-inclusive service request,replay-0-0,48938588903be5f0,math,0,27b260dc9006998d3cc07116750a2301f7c074bb87935263baaacb82ceefc7a8
1,128,4,1,1,dynamic,12,2,1,0.890192124992609,0.3488847080152482,0.5396203750278801,1,queue-inclusive service request,replay-0-1,48938588903be5f0,math,1,4d29a3653f4820017fca9a079e23341f237a5e27ce6fd820d5bd2aa31f55f1d9
1,128,4,1,1,dynamic,12,2,2,1.2742447089985944,0.8885207090061158,0.3842620000359602,1,queue-inclusive service request,replay-1-0,5e269f66a46c0c02,retrieval,0,caebd297d2e6059d30182feb06b45dd81df40c616172d1aa4e6c323f3476ac02
1,128,4,1,1,dynamic,12,2,3,1.8839520839974284,1.2727890839450993,0.608809708035551,1,queue-inclusive service request,replay-1-1,5e269f66a46c0c02,retrieval,1,ddce54a1ab2625971ce0f90f1e8c5cf711905c05a8b7073b1352bfcd34dcec16
1,128,4,1,1,dynamic,12,2,4,2.629347833979409,1.8816445840639062,0.7458314999821596,1,queue-inclusive service request,replay-2-0,6f543ee6af6b8920,code,0,c12358112bcde5b798e8d49256aadcdb79a74920a12af33eceefc360c975ff72
1,128,4,1,1,dynamic,12,2,5,3.1402458329685032,2.627490958024282,0.5111114589963108,1,queue-inclusive service request,replay-2-1,6f543ee6af6b8920,code,1,9af6b5b5e7c296e4e997a0afd43064896d908dd16fd94949b8497c0ec878a383
1,128,4,1,1,dynamic,12,2,6,3.4315403329674155,3.1386209170450456,0.29143870796542615,1,queue-inclusive service request,replay-3-0,54dc4983ab578f2c,code,0,d2e970ccba38ef38b5871c9673def3ba341759a05b280645e2e00d52671724e8
1,128,4,1,1,dynamic,12,2,7,3.7722091249888763,3.430071250011679,0.34208083304110914,1,queue-inclusive service request,replay-3-1,54dc4983ab578f2c,code,1,a00e8bb8ae6325d5a92bab733139b8877628892cf432702c5b8e2be93963bb72
1,128,1,3,1,dynamic,14,0,0,0.2868611660087481,4.0792045183479786e-05,0.28677879099268466,1,queue-inclusive service request,replay-0-0,48938588903be5f0,math,0,27b260dc9006998d3cc07116750a2301f7c074bb87935263baaacb82ceefc7a8
1,128,1,3,1,dynamic,14,0,1,0.6249443329870701,0.286892291973345,0.3380125830299221,1,queue-inclusive service request,replay-0-1,48938588903be5f0,math,1,4d29a3653f4820017fca9a079e23341f237a5e27ce6fd820d5bd2aa31f55f1d9
1,128,1,3,1,dynamic,14,0,2,1.006614083016757,0.6250071660033427,0.38156633399194106,1,queue-inclusive service request,replay-1-0,5e269f66a46c0c02,retrieval,0,caebd297d2e6059d30182feb06b45dd81df40c616172d1aa4e6c323f3476ac02
1,128,1,3,1,dynamic,14,0,3,1.3458696250454523,1.0066639159922488,0.33915495802648365,1,queue-inclusive service request,replay-1-1,5e269f66a46c0c02,retrieval,1,ddce54a1ab2625971ce0f90f1e8c5cf711905c05a8b7073b1352bfcd34dcec16
1,128,1,3,1,dynamic,14,0,4,1.6263800419983454,1.3459240830270573,0.2804170419694856,1,queue-inclusive service request,replay-2-0,6f543ee6af6b8920,code,0,c12358112bcde5b798e8d49256aadcdb79a74920a12af33eceefc360c975ff72
1,128,1,3,1,dynamic,14,0,5,1.957287707948126,1.6264318749890663,0.3308193749981001,1,queue-inclusive service request,replay-2-1,6f543ee6af6b8920,code,1,9af6b5b5e7c296e4e997a0afd43064896d908dd16fd94949b8497c0ec878a383
1,128,1,3,1,dynamic,14,0,6,2.235735750000458,1.95733658404788,0.27836204099003226,1,queue-inclusive service request,replay-3-0,54dc4983ab578f2c,code,0,d2e970ccba38ef38b5871c9673def3ba341759a05b280645e2e00d52671724e8
1,128,1,3,1,dynamic,14,0,7,2.5717823749873787,2.2357816249714233,0.3359642500290647,1,queue-inclusive service request,replay-3-1,54dc4983ab578f2c,code,1,a00e8bb8ae6325d5a92bab733139b8877628892cf432702c5b8e2be93963bb72
1,128,1,3,1,dynamic,14,1,0,0.4368707500398159,3.766705049201846e-05,0.43675029097357765,1,queue-inclusive service request,replay-0-0,48938588903be5f0,math,0,27b260dc9006998d3cc07116750a2301f7c074bb87935263baaacb82ceefc7a8
1,128,1,3,1,dynamic,14,1,1,0.8263214589678682,0.43694437498925254,0.3893317909678444,1,queue-inclusive service request,replay-0-1,48938588903be5f0,math,1,4d29a3653f4820017fca9a079e23341f237a5e27ce6fd820d5bd2aa31f55f1d9
1,128,1,3,1,dynamic,14,1,2,1.1482353329774924,0.8263684999546967,0.3218280830187723,1,queue-inclusive service request,replay-1-0,5e269f66a46c0c02,retrieval,0,caebd297d2e6059d30182feb06b45dd81df40c616172d1aa4e6c323f3476ac02
1,128,1,3,1,dynamic,14,1,3,1.642408375046216,1.1482847079751082,0.49408145900815725,1,queue-inclusive service request,replay-1-1,5e269f66a46c0c02,retrieval,1,ddce54a1ab2625971ce0f90f1e8c5cf711905c05a8b7073b1352bfcd34dcec16
1,128,1,3,1,dynamic,14,1,4,2.3235110840178095,1.642458042013459,0.6810149169759825,1,queue-inclusive service request,replay-2-0,6f543ee6af6b8920,code,0,c12358112bcde5b798e8d49256aadcdb79a74920a12af33eceefc360c975ff72
1,128,1,3,1,dynamic,14,1,5,3.345849166973494,2.3235672909067944,1.0217515000258572,1,queue-inclusive service request,replay-2-1,6f543ee6af6b8920,code,1,9af6b5b5e7c296e4e997a0afd43064896d908dd16fd94949b8497c0ec878a383
1,128,1,3,1,dynamic,14,1,6,4.865001458034385,3.3460475830361247,1.5188682499574497,1,queue-inclusive service request,replay-3-0,54dc4983ab578f2c,code,0,d2e970ccba38ef38b5871c9673def3ba341759a05b280645e2e00d52671724e8
1,128,1,3,1,dynamic,14,1,7,5.304326415993273,4.865085749013815,0.439194459002465,1,queue-inclusive service request,replay-3-1,54dc4983ab578f2c,code,1,a00e8bb8ae6325d5a92bab733139b8877628892cf432702c5b8e2be93963bb72
1,128,1,3,1,dynamic,14,2,0,0.351065041963011,3.858399577438831e-05,0.35098508303053677,1,queue-inclusive service request,replay-0-0,48938588903be5f0,math,0,27b260dc9006998d3cc07116750a2301f7c074bb87935263baaacb82ceefc7a8
1,128,1,3,1,dynamic,14,2,1,0.7621982080163434,0.3511020829901099,0.4110568749601953,1,queue-inclusive service request,replay-0-1,48938588903be5f0,math,1,4d29a3653f4820017fca9a079e23341f237a5e27ce6fd820d5bd2aa31f55f1d9
1,128,1,3,1,dynamic,14,2,2,1.0914019999909215,0.7622438749531284,0.32910658401669934,1,queue-inclusive service request,replay-1-0,5e269f66a46c0c02,retrieval,0,caebd297d2e6059d30182feb06b45dd81df40c616172d1aa4e6c323f3476ac02
1,128,1,3,1,dynamic,14,2,3,1.4450501250103116,1.0914696250110865,0.3535362500115298,1,queue-inclusive service request,replay-1-1,5e269f66a46c0c02,retrieval,1,ddce54a1ab2625971ce0f90f1e8c5cf711905c05a8b7073b1352bfcd34dcec16
1,128,1,3,1,dynamic,14,2,4,1.7587549579911865,1.445102457946632,0.3136152500519529,1,queue-inclusive service request,replay-2-0,6f543ee6af6b8920,code,0,c12358112bcde5b798e8d49256aadcdb79a74920a12af33eceefc360c975ff72
1,128,1,3,1,dynamic,14,2,5,2.113681207993068,1.758802083088085,0.3548399159917608,1,queue-inclusive service request,replay-2-1,6f543ee6af6b8920,code,1,9af6b5b5e7c296e4e997a0afd43064896d908dd16fd94949b8497c0ec878a383
1,128,1,3,1,dynamic,14,2,6,2.6395297079579905,2.1137317909742706,0.5256099170073867,1,queue-inclusive service request,replay-3-0,54dc4983ab578f2c,code,0,d2e970ccba38ef38b5871c9673def3ba341759a05b280645e2e00d52671724e8
1,128,1,3,1,dynamic,14,2,7,3.2686871249461547,2.6396997919655405,0.6289417080115527,1,queue-inclusive service request,replay-3-1,54dc4983ab578f2c,code,1,a00e8bb8ae6325d5a92bab733139b8877628892cf432702c5b8e2be93963bb72
4,128,1,1,1,dynamic,15,0,0,0.2753019160008989,0.0023265419877134264,0.27293608302716166,1,queue-inclusive service request,replay-0-0,48938588903be5f0,math,0,27b260dc9006998d3cc07116750a2301f7c074bb87935263baaacb82ceefc7a8
4,128,1,1,1,dynamic,15,0,1,0.6051590830320492,0.27761883405037224,0.32750441698590294,1,queue-inclusive service request,replay-0-1,48938588903be5f0,math,1,4d29a3653f4820017fca9a079e23341f237a5e27ce6fd820d5bd2aa31f55f1d9
4,128,1,1,1,dynamic,15,0,2,0.9430350000038743,0.6074840829824097,0.3355119579937309,1,queue-inclusive service request,replay-1-0,5e269f66a46c0c02,retrieval,0,caebd297d2e6059d30182feb06b45dd81df40c616172d1aa4e6c323f3476ac02
4,128,1,1,1,dynamic,15,0,3,1.2987543749623,0.9454369589220732,0.3532671660068445,1,queue-inclusive service request,replay-1-1,5e269f66a46c0c02,retrieval,1,ddce54a1ab2625971ce0f90f1e8c5cf711905c05a8b7073b1352bfcd34dcec16
4,128,1,1,1,dynamic,15,0,4,1.6106704580015503,1.3010954170604236,0.30946849996689707,1,queue-inclusive service request,replay-2-0,6f543ee6af6b8920,code,0,c12358112bcde5b798e8d49256aadcdb79a74920a12af33eceefc360c975ff72
4,128,1,1,1,dynamic,15,0,5,2.327202083019074,1.6130489589995705,0.7141080830479041,1,queue-inclusive service request,replay-2-1,6f543ee6af6b8920,code,1,9af6b5b5e7c296e4e997a0afd43064896d908dd16fd94949b8497c0ec878a383
4,128,1,1,1,dynamic,15,0,6,3.7292097919853404,2.3295464579132386,1.3983001250308007,1,queue-inclusive service request,replay-3-0,54dc4983ab578f2c,code,0,d2e970ccba38ef38b5871c9673def3ba341759a05b280645e2e00d52671724e8
4,128,1,1,1,dynamic,15,0,7,4.355125958973076,3.7320153339533135,0.6229787920019589,1,queue-inclusive service request,replay-3-1,54dc4983ab578f2c,code,1,a00e8bb8ae6325d5a92bab733139b8877628892cf432702c5b8e2be93963bb72
4,128,1,1,1,dynamic,15,1,0,1.422825040994212,0.0023341240594163537,1.4203107499633916,1,queue-inclusive service request,replay-0-0,48938588903be5f0,math,0,27b260dc9006998d3cc07116750a2301f7c074bb87935263baaacb82ceefc7a8
4,128,1,1,1,dynamic,15,1,1,2.123878207989037,1.4253097499604337,0.6985179579933174,1,queue-inclusive service request,replay-0-1,48938588903be5f0,math,1,4d29a3653f4820017fca9a079e23341f237a5e27ce6fd820d5bd2aa31f55f1d9
4,128,1,1,1,dynamic,15,1,2,2.516714832978323,2.1262760829995386,0.39037600002484396,1,queue-inclusive service request,replay-1-0,5e269f66a46c0c02,retrieval,0,caebd297d2e6059d30182feb06b45dd81df40c616172d1aa4e6c323f3476ac02
4,128,1,1,1,dynamic,15,1,3,3.000266208022367,2.519078000972513,0.48111845803214237,1,queue-inclusive service request,replay-1-1,5e269f66a46c0c02,retrieval,1,ddce54a1ab2625971ce0f90f1e8c5cf711905c05a8b7073b1352bfcd34dcec16
4,128,1,1,1,dynamic,15,1,4,3.3287022919976152,3.0026212909724563,0.32603770901914686,1,queue-inclusive service request,replay-2-0,6f543ee6af6b8920,code,0,c12358112bcde5b798e8d49256aadcdb79a74920a12af33eceefc360c975ff72
4,128,1,1,1,dynamic,15,1,5,3.852429624996148,3.331042500969488,0.5212585830013268,1,queue-inclusive service request,replay-2-1,6f543ee6af6b8920,code,1,9af6b5b5e7c296e4e997a0afd43064896d908dd16fd94949b8497c0ec878a383
4,128,1,1,1,dynamic,15,1,6,4.2360254999948665,3.854836082959082,0.38113875000271946,1,queue-inclusive service request,replay-3-0,54dc4983ab578f2c,code,0,d2e970ccba38ef38b5871c9673def3ba341759a05b280645e2e00d52671724e8
4,128,1,1,1,dynamic,15,1,7,4.568981209013145,4.23836500098696,0.33057516597909853,1,queue-inclusive service request,replay-3-1,54dc4983ab578f2c,code,1,a00e8bb8ae6325d5a92bab733139b8877628892cf432702c5b8e2be93963bb72
4,128,1,1,1,dynamic,15,2,0,0.3193701249547303,0.0020982909481972456,0.3172305839834735,1,queue-inclusive service request,replay-0-0,48938588903be5f0,math,0,27b260dc9006998d3cc07116750a2301f7c074bb87935263baaacb82ceefc7a8
4,128,1,1,1,dynamic,15,2,1,0.8592369590187445,0.3216943339793943,0.5375041670049541,1,queue-inclusive service request,replay-0-1,48938588903be5f0,math,1,4d29a3653f4820017fca9a079e23341f237a5e27ce6fd820d5bd2aa31f55f1d9
4,128,1,1,1,dynamic,15,2,2,1.2038240000256337,0.8615727080032229,0.34219379199203104,1,queue-inclusive service request,replay-1-0,5e269f66a46c0c02,retrieval,0,caebd297d2e6059d30182feb06b45dd81df40c616172d1aa4e6c323f3476ac02
4,128,1,1,1,dynamic,15,2,3,1.5767844580113888,1.2061881240224466,0.37055579200387,1,queue-inclusive service request,replay-1-1,5e269f66a46c0c02,retrieval,1,ddce54a1ab2625971ce0f90f1e8c5cf711905c05a8b7073b1352bfcd34dcec16
4,128,1,1,1,dynamic,15,2,4,1.8894876670092344,1.579200625012163,0.31022637500427663,1,queue-inclusive service request,replay-2-0,6f543ee6af6b8920,code,0,c12358112bcde5b798e8d49256aadcdb79a74920a12af33eceefc360c975ff72
4,128,1,1,1,dynamic,15,2,5,2.2604532910045236,1.891840249998495,0.36856999999145046,1,queue-inclusive service request,replay-2-1,6f543ee6af6b8920,code,1,9af6b5b5e7c296e4e997a0afd43064896d908dd16fd94949b8497c0ec878a383
4,128,1,1,1,dynamic,15,2,6,2.6069590839906596,2.2628073759842664,0.344115125015378,1,queue-inclusive service request,replay-3-0,54dc4983ab578f2c,code,0,d2e970ccba38ef38b5871c9673def3ba341759a05b280645e2e00d52671724e8
4,128,1,1,1,dynamic,15,2,7,3.1648042500019073,2.6092923340038396,0.5552679579705,1,queue-inclusive service request,replay-3-1,54dc4983ab578f2c,code,1,a00e8bb8ae6325d5a92bab733139b8877628892cf432702c5b8e2be93963bb72
4,128,4,3,1,dynamic,17,0,0,0.8054234579904005,5.058303941041231e-05,0.8052770419744775,4,queue-inclusive service request,replay-0-0,48938588903be5f0,math,0,27b260dc9006998d3cc07116750a2301f7c074bb87935263baaacb82ceefc7a8
4,128,4,3,1,dynamic,17,0,1,0.8054296670015901,3.925006603822112e-05,0.8052770419744775,4,queue-inclusive service request,replay-0-1,48938588903be5f0,math,1,4d29a3653f4820017fca9a079e23341f237a5e27ce6fd820d5bd2aa31f55f1d9
4,128,4,3,1,dynamic,17,0,2,0.8054297920316458,3.5334029234945774e-05,0.8052770419744775,4,queue-inclusive service request,replay-1-0,5e269f66a46c0c02,retrieval,0,caebd297d2e6059d30182feb06b45dd81df40c616172d1aa4e6c323f3476ac02
4,128,4,3,1,dynamic,17,0,3,0.8054306249832734,3.2750016544014215e-05,0.8052770419744775,4,queue-inclusive service request,replay-1-1,5e269f66a46c0c02,retrieval,1,ddce54a1ab2625971ce0f90f1e8c5cf711905c05a8b7073b1352bfcd34dcec16
4,128,4,3,1,dynamic,17,0,4,1.6262139999889769,0.8055144169484265,0.8206452080048621,4,queue-inclusive service request,replay-2-0,6f543ee6af6b8920,code,0,c12358112bcde5b798e8d49256aadcdb79a74920a12af33eceefc360c975ff72
4,128,4,3,1,dynamic,17,0,5,1.62621862499509,0.8055166259873658,0.8206452080048621,4,queue-inclusive service request,replay-2-1,6f543ee6af6b8920,code,1,9af6b5b5e7c296e4e997a0afd43064896d908dd16fd94949b8497c0ec878a383
4,128,4,3,1,dynamic,17,0,6,1.6262217499897815,0.8055163759854622,0.8206452080048621,4,queue-inclusive service request,replay-3-0,54dc4983ab578f2c,code,0,d2e970ccba38ef38b5871c9673def3ba341759a05b280645e2e00d52671724e8
4,128,4,3,1,dynamic,17,0,7,1.6262239580391906,0.8055157500202768,0.8206452080048621,4,queue-inclusive service request,replay-3-1,54dc4983ab578f2c,code,1,a00e8bb8ae6325d5a92bab733139b8877628892cf432702c5b8e2be93963bb72
4,128,4,3,1,dynamic,17,1,0,1.1661634999909438,5.541701102629304e-05,1.166009208012838,4,queue-inclusive service request,replay-0-0,48938588903be5f0,math,0,27b260dc9006998d3cc07116750a2301f7c074bb87935263baaacb82ceefc7a8
4,128,4,3,1,dynamic,17,1,1,1.1661566669936292,4.108401481062174e-05,1.166009208012838,4,queue-inclusive service request,replay-0-1,48938588903be5f0,math,1,4d29a3653f4820017fca9a079e23341f237a5e27ce6fd820d5bd2aa31f55f1d9
4,128,4,3,1,dynamic,17,1,2,1.1661573749734089,3.670796286314726e-05,1.166009208012838,4,queue-inclusive service request,replay-1-0,5e269f66a46c0c02,retrieval,0,caebd297d2e6059d30182feb06b45dd81df40c616172d1aa4e6c323f3476ac02
4,128,4,3,1,dynamic,17,1,3,1.1661592079908587,3.383401781320572e-05,1.166009208012838,4,queue-inclusive service request,replay-1-1,5e269f66a46c0c02,retrieval,1,ddce54a1ab2625971ce0f90f1e8c5cf711905c05a8b7073b1352bfcd34dcec16
4,128,4,3,1,dynamic,17,1,4,3.719585457991343,1.166286499996204,2.5531579579692334,4,queue-inclusive service request,replay-2-0,6f543ee6af6b8920,code,0,c12358112bcde5b798e8d49256aadcdb79a74920a12af33eceefc360c975ff72
4,128,4,3,1,dynamic,17,1,5,3.7196083340095356,1.166287126019597,2.5531579579692334,4,queue-inclusive service request,replay-2-1,6f543ee6af6b8920,code,1,9af6b5b5e7c296e4e997a0afd43064896d908dd16fd94949b8497c0ec878a383
4,128,4,3,1,dynamic,17,1,6,3.719612041953951,1.1662862510420382,2.5531579579692334,4,queue-inclusive service request,replay-3-0,54dc4983ab578f2c,code,0,d2e970ccba38ef38b5871c9673def3ba341759a05b280645e2e00d52671724e8
4,128,4,3,1,dynamic,17,1,7,3.719614375033416,1.1662858750205487,2.5531579579692334,4,queue-inclusive service request,replay-3-1,54dc4983ab578f2c,code,1,a00e8bb8ae6325d5a92bab733139b8877628892cf432702c5b8e2be93963bb72
4,128,4,3,1,dynamic,17,2,0,2.466359874990303,6.791704799979925e-05,2.4661456670146435,4,queue-inclusive service request,replay-0-0,48938588903be5f0,math,0,27b260dc9006998d3cc07116750a2301f7c074bb87935263baaacb82ceefc7a8
4,128,4,3,1,dynamic,17,2,1,2.4663666249834932,4.554097540676594e-05,2.4661456670146435,4,queue-inclusive service request,replay-0-1,48938588903be5f0,math,1,4d29a3653f4820017fca9a079e23341f237a5e27ce6fd820d5bd2aa31f55f1d9
4,128,4,3,1,dynamic,17,2,2,2.4663654169999063,4.066701512783766e-05,2.4661456670146435,4,queue-inclusive service request,replay-1-0,5e269f66a46c0c02,retrieval,0,caebd297d2e6059d30182feb06b45dd81df40c616172d1aa4e6c323f3476ac02
4,128,4,3,1,dynamic,17,2,3,2.4663650420261547,3.7333054933696985e-05,2.4661456670146435,4,queue-inclusive service request,replay-1-1,5e269f66a46c0c02,retrieval,1,ddce54a1ab2625971ce0f90f1e8c5cf711905c05a8b7073b1352bfcd34dcec16
4,128,4,3,1,dynamic,17,2,4,3.8557449170039035,2.466493917047046,1.3891995419980958,4,queue-inclusive service request,replay-2-0,6f543ee6af6b8920,code,0,c12358112bcde5b798e8d49256aadcdb79a74920a12af33eceefc360c975ff72
4,128,4,3,1,dynamic,17,2,5,3.8557484580087475,2.4664972499595024,1.3891995419980958,4,queue-inclusive service request,replay-2-1,6f543ee6af6b8920,code,1,9af6b5b5e7c296e4e997a0afd43064896d908dd16fd94949b8497c0ec878a383
4,128,4,3,1,dynamic,17,2,6,3.855750042013824,2.4664966670097783,1.3891995419980958,4,queue-inclusive service request,replay-3-0,54dc4983ab578f2c,code,0,d2e970ccba38ef38b5871c9673def3ba341759a05b280645e2e00d52671724e8
4,128,4,3,1,dynamic,17,2,7,3.855752165953163,2.466496165958233,1.3891995419980958,4,queue-inclusive service request,replay-3-1,54dc4983ab578f2c,code,1,a00e8bb8ae6325d5a92bab733139b8877628892cf432702c5b8e2be93963bb72
1,128,1,3,1,single,18,0,0,0.2669110830174759,7.524999091401696e-05,0.26673187501728535,1,queue-inclusive service request,replay-0-0,48938588903be5f0,math,0,27b260dc9006998d3cc07116750a2301f7c074bb87935263baaacb82ceefc7a8
1,128,1,3,1,single,18,0,1,0.5940866249729879,0.2655138749978505,0.3284716249909252,1,queue-inclusive service request,replay-0-1,48938588903be5f0,math,1,4d29a3653f4820017fca9a079e23341f237a5e27ce6fd820d5bd2aa31f55f1d9
1,128,1,3,1,single,18,0,2,0.9073039999930188,0.5941404160112143,0.31305933400290087,1,queue-inclusive service request,replay-1-0,5e269f66a46c0c02,retrieval,0,caebd297d2e6059d30182feb06b45dd81df40c616172d1aa4e6c323f3476ac02
1,128,1,3,1,single,18,0,3,1.2593265830073506,0.9073602920398116,0.3518414159771055,1,queue-inclusive service request,replay-1-1,5e269f66a46c0c02,retrieval,1,ddce54a1ab2625971ce0f90f1e8c5cf711905c05a8b7073b1352bfcd34dcec16
1,128,1,3,1,single,18,0,4,1.5724145409767516,1.2594123329618014,0.3127755830064416,1,queue-inclusive service request,replay-2-0,6f543ee6af6b8920,code,0,c12358112bcde5b798e8d49256aadcdb79a74920a12af33eceefc360c975ff72
1,128,1,3,1,single,18,0,5,1.9504376670229249,1.5725043750135228,0.37780608399771154,1,queue-inclusive service request,replay-2-1,6f543ee6af6b8920,code,1,9af6b5b5e7c296e4e997a0afd43064896d908dd16fd94949b8497c0ec878a383
1,128,1,3,1,single,18,0,6,2.5852074999711476,1.9505245420150459,0.6337779579916969,1,queue-inclusive service request,replay-3-0,54dc4983ab578f2c,code,0,d2e970ccba38ef38b5871c9673def3ba341759a05b280645e2e00d52671724e8
1,128,1,3,1,single,18,0,7,3.120889374986291,2.5854232920100912,0.5353701669955626,1,queue-inclusive service request,replay-3-1,54dc4983ab578f2c,code,1,a00e8bb8ae6325d5a92bab733139b8877628892cf432702c5b8e2be93963bb72
1,128,1,3,1,single,18,1,0,0.2850351660163142,9.762501576915383e-05,0.28483266598777846,1,queue-inclusive service request,replay-0-0,48938588903be5f0,math,0,27b260dc9006998d3cc07116750a2301f7c074bb87935263baaacb82ceefc7a8
1,128,1,3,1,single,18,1,1,0.7851427090354264,0.2836303749936633,0.50135366700124,1,queue-inclusive service request,replay-0-1,48938588903be5f0,math,1,4d29a3653f4820017fca9a079e23341f237a5e27ce6fd820d5bd2aa31f55f1d9
1,128,1,3,1,single,18,1,2,1.1247180420323275,0.785213333030697,0.33939287497196347,1,queue-inclusive service request,replay-1-0,5e269f66a46c0c02,retrieval,0,caebd297d2e6059d30182feb06b45dd81df40c616172d1aa4e6c323f3476ac02
1,128,1,3,1,single,18,1,3,1.5326909170253202,1.124772709037643,0.4078134159790352,1,queue-inclusive service request,replay-1-1,5e269f66a46c0c02,retrieval,1,ddce54a1ab2625971ce0f90f1e8c5cf711905c05a8b7073b1352bfcd34dcec16
1,128,1,3,1,single,18,1,4,3.117313208000269,1.5327491670032032,1.5838960410328582,1,queue-inclusive service request,replay-2-0,6f543ee6af6b8920,code,0,c12358112bcde5b798e8d49256aadcdb79a74920a12af33eceefc360c975ff72
1,128,1,3,1,single,18,1,5,5.193015167023987,3.1175303329946473,2.074775209010113,1,queue-inclusive service request,replay-2-1,6f543ee6af6b8920,code,1,9af6b5b5e7c296e4e997a0afd43064896d908dd16fd94949b8497c0ec878a383
1,128,1,3,1,single,18,1,6,5.767555667029228,5.193281167012174,0.5741610419936478,1,queue-inclusive service request,replay-3-0,54dc4983ab578f2c,code,0,d2e970ccba38ef38b5871c9673def3ba341759a05b280645e2e00d52671724e8
1,128,1,3,1,single,18,1,7,6.100094540975988,5.767613666015677,0.3323758339975029,1,queue-inclusive service request,replay-3-1,54dc4983ab578f2c,code,1,a00e8bb8ae6325d5a92bab733139b8877628892cf432702c5b8e2be93963bb72
1,128,1,3,1,single,18,2,0,0.3030608329572715,0.0003164159716106951,0.3026362920063548,1,queue-inclusive service request,replay-0-0,48938588903be5f0,math,0,27b260dc9006998d3cc07116750a2301f7c074bb87935263baaacb82ceefc7a8
1,128,1,3,1,single,18,2,1,0.6913148330058903,0.3011052919900976,0.39010362495901063,1,queue-inclusive service request,replay-0-1,48938588903be5f0,math,1,4d29a3653f4820017fca9a079e23341f237a5e27ce6fd820d5bd2aa31f55f1d9
1,128,1,3,1,single,18,2,2,2.4566724579781294,0.6913717499701306,1.7629808750352822,1,queue-inclusive service request,replay-1-0,5e269f66a46c0c02,retrieval,0,caebd297d2e6059d30182feb06b45dd81df40c616172d1aa4e6c323f3476ac02
1,128,1,3,1,single,18,2,3,4.081569291010965,2.456931082997471,1.6244312500348315,1,queue-inclusive service request,replay-1-1,5e269f66a46c0c02,retrieval,1,ddce54a1ab2625971ce0f90f1e8c5cf711905c05a8b7073b1352bfcd34dcec16
1,128,1,3,1,single,18,2,4,4.4476721250102855,4.081667250022292,0.36589120799908414,1,queue-inclusive service request,replay-2-0,6f543ee6af6b8920,code,0,c12358112bcde5b798e8d49256aadcdb79a74920a12af33eceefc360c975ff72
1,128,1,3,1,single,18,2,5,4.8030389589839615,4.447733833978418,0.35518554103327915,1,queue-inclusive service request,replay-2-1,6f543ee6af6b8920,code,1,9af6b5b5e7c296e4e997a0afd43064896d908dd16fd94949b8497c0ec878a383
1,128,1,3,1,single,18,2,6,5.131428834050894,4.803117667033803,0.3281939579755999,1,queue-inclusive service request,replay-3-0,54dc4983ab578f2c,code,0,d2e970ccba38ef38b5871c9673def3ba341759a05b280645e2e00d52671724e8
1,128,1,3,1,single,18,2,7,5.685151665995363,5.131490833009593,0.5535505829611793,1,queue-inclusive service request,replay-3-1,54dc4983ab578f2c,code,1,a00e8bb8ae6325d5a92bab733139b8877628892cf432702c5b8e2be93963bb72
4,128,1,3,1,single,19,0,0,0.32449812500271946,0.00015758402878418565,0.32422716601286083,1,queue-inclusive service request,replay-0-0,48938588903be5f0,math,0,27b260dc9006998d3cc07116750a2301f7c074bb87935263baaacb82ceefc7a8
4,128,1,3,1,single,19,0,1,0.7951482920325361,0.32257891702465713,0.47246208298020065,1,queue-inclusive service request,replay-0-1,48938588903be5f0,math,1,4d29a3653f4820017fca9a079e23341f237a5e27ce6fd820d5bd2aa31f55f1d9
4,128,1,3,1,single,19,0,2,1.3169673749944195,0.7952334170113318,0.5216269160155207,1,queue-inclusive service request,replay-1-0,5e269f66a46c0c02,retrieval,0,caebd297d2e6059d30182feb06b45dd81df40c616172d1aa4e6c323f3476ac02
4,128,1,3,1,single,19,0,3,2.7254753750166856,1.317026042030193,1.40729270799784,1,queue-inclusive service request,replay-1-1,5e269f66a46c0c02,retrieval,1,ddce54a1ab2625971ce0f90f1e8c5cf711905c05a8b7073b1352bfcd34dcec16
4,128,1,3,1,single,19,0,4,5.449869250005577,2.726088457973674,2.7224529170198366,1,queue-inclusive service request,replay-2-0,6f543ee6af6b8920,code,0,c12358112bcde5b798e8d49256aadcdb79a74920a12af33eceefc360c975ff72
4,128,1,3,1,single,19,0,5,8.332635208033025,5.452843625040259,2.879038874991238,1,queue-inclusive service request,replay-2-1,6f543ee6af6b8920,code,1,9af6b5b5e7c296e4e997a0afd43064896d908dd16fd94949b8497c0ec878a383
4,128,1,3,1,single,19,0,6,10.605141291976906,8.332848208025098,2.271691416972317,1,queue-inclusive service request,replay-3-0,54dc4983ab578f2c,code,0,d2e970ccba38ef38b5871c9673def3ba341759a05b280645e2e00d52671724e8
4,128,1,3,1,single,19,0,7,11.272902874974534,10.605355000006966,0.667414708994329,1,queue-inclusive service request,replay-3-1,54dc4983ab578f2c,code,1,a00e8bb8ae6325d5a92bab733139b8877628892cf432702c5b8e2be93963bb72
4,128,1,3,1,single,19,1,0,0.3336704589892179,0.0004237499670125544,0.33313716703560203,1,queue-inclusive service request,replay-0-0,48938588903be5f0,math,0,27b260dc9006998d3cc07116750a2301f7c074bb87935263baaacb82ceefc7a8
4,128,1,3,1,single,19,1,1,0.6658149579889141,0.3316342079779133,0.33408104203408584,1,queue-inclusive service request,replay-0-1,48938588903be5f0,math,1,4d29a3653f4820017fca9a079e23341f237a5e27ce6fd820d5bd2aa31f55f1d9
4,128,1,3,1,single,19,1,2,1.081395291024819,0.6658688330207951,0.4153832499869168,1,queue-inclusive service request,replay-1-0,5e269f66a46c0c02,retrieval,0,caebd297d2e6059d30182feb06b45dd81df40c616172d1aa4e6c323f3476ac02
4,128,1,3,1,single,19,1,3,1.4519076669821516,1.0814599170116708,0.3703195829875767,1,queue-inclusive service request,replay-1-1,5e269f66a46c0c02,retrieval,1,ddce54a1ab2625971ce0f90f1e8c5cf711905c05a8b7073b1352bfcd34dcec16
4,128,1,3,1,single,19,1,4,1.7387932089623064,1.4519704169942997,0.28672754199942574,1,queue-inclusive service request,replay-2-0,6f543ee6af6b8920,code,0,c12358112bcde5b798e8d49256aadcdb79a74920a12af33eceefc360c975ff72
4,128,1,3,1,single,19,1,5,2.077807624998968,1.738844582985621,0.338807291991543,1,queue-inclusive service request,replay-2-1,6f543ee6af6b8920,code,1,9af6b5b5e7c296e4e997a0afd43064896d908dd16fd94949b8497c0ec878a383
4,128,1,3,1,single,19,1,6,2.439822207961697,2.0778901670128107,0.3616879159817472,1,queue-inclusive service request,replay-3-0,54dc4983ab578f2c,code,0,d2e970ccba38ef38b5871c9673def3ba341759a05b280645e2e00d52671724e8
4,128,1,3,1,single,19,1,7,3.0008546249591745,2.4399123750044964,0.5607767079491168,1,queue-inclusive service request,replay-3-1,54dc4983ab578f2c,code,1,a00e8bb8ae6325d5a92bab733139b8877628892cf432702c5b8e2be93963bb72
4,128,1,3,1,single,19,2,0,0.5232170000090264,0.00015408301260322332,0.5229590840172023,1,queue-inclusive service request,replay-0-0,48938588903be5f0,math,0,27b260dc9006998d3cc07116750a2301f7c074bb87935263baaacb82ceefc7a8
4,128,1,3,1,single,19,2,1,0.8899340000352822,0.5215569169959053,0.3682552910177037,1,queue-inclusive service request,replay-0-1,48938588903be5f0,math,1,4d29a3653f4820017fca9a079e23341f237a5e27ce6fd820d5bd2aa31f55f1d9
4,128,1,3,1,single,19,2,2,1.2289244160056114,0.8900199999916367,0.3387995830271393,1,queue-inclusive service request,replay-1-0,5e269f66a46c0c02,retrieval,0,caebd297d2e6059d30182feb06b45dd81df40c616172d1aa4e6c323f3476ac02
4,128,1,3,1,single,19,2,3,1.5626807499793358,1.2289820419973694,0.33358454098924994,1,queue-inclusive service request,replay-1-1,5e269f66a46c0c02,retrieval,1,ddce54a1ab2625971ce0f90f1e8c5cf711905c05a8b7073b1352bfcd34dcec16
4,128,1,3,1,single,19,2,4,1.8571881250245497,1.5627416670322418,0.2943125829915516,1,queue-inclusive service request,replay-2-0,6f543ee6af6b8920,code,0,c12358112bcde5b798e8d49256aadcdb79a74920a12af33eceefc360c975ff72
4,128,1,3,1,single,19,2,5,2.211656083993148,1.8572599589824677,0.354294958000537,1,queue-inclusive service request,replay-2-1,6f543ee6af6b8920,code,1,9af6b5b5e7c296e4e997a0afd43064896d908dd16fd94949b8497c0ec878a383
4,128,1,3,1,single,19,2,6,2.4934677080018446,2.2117147499811836,0.28165345801971853,1,queue-inclusive service request,replay-3-0,54dc4983ab578f2c,code,0,d2e970ccba38ef38b5871c9673def3ba341759a05b280645e2e00d52671724e8
4,128,1,3,1,single,19,2,7,2.8873256250517443,2.49352420802461,0.39358220901340246,1,queue-inclusive service request,replay-3-1,54dc4983ab578f2c,code,1,a00e8bb8ae6325d5a92bab733139b8877628892cf432702c5b8e2be93963bb72
1,128,1,1,1,single,20,0,0,0.2890219999826513,0.00014933303464204073,0.28874599997652695,1,queue-inclusive service request,replay-0-0,48938588903be5f0,math,0,27b260dc9006998d3cc07116750a2301f7c074bb87935263baaacb82ceefc7a8
1,128,1,1,1,single,20,0,1,0.7334479169803672,0.2874477499863133,0.4458935420261696,1,queue-inclusive service request,replay-0-1,48938588903be5f0,math,1,4d29a3653f4820017fca9a079e23341f237a5e27ce6fd820d5bd2aa31f55f1d9
1,128,1,1,1,single,20,0,2,1.0635380420135334,0.7335027499939315,0.3299341250094585,1,queue-inclusive service request,replay-1-0,5e269f66a46c0c02,retrieval,0,caebd297d2e6059d30182feb06b45dd81df40c616172d1aa4e6c323f3476ac02
1,128,1,1,1,single,20,0,3,1.4365648330422118,1.0635929999989457,0.3728418750106357,1,queue-inclusive service request,replay-1-1,5e269f66a46c0c02,retrieval,1,ddce54a1ab2625971ce0f90f1e8c5cf711905c05a8b7073b1352bfcd34dcec16
1,128,1,1,1,single,20,0,4,1.7331984170014039,1.4366252920008264,0.29646916600177065,1,queue-inclusive service request,replay-2-0,6f543ee6af6b8920,code,0,c12358112bcde5b798e8d49256aadcdb79a74920a12af33eceefc360c975ff72
1,128,1,1,1,single,20,0,5,2.0890746249933727,1.7332564590033144,0.3555729579529725,1,queue-inclusive service request,replay-2-1,6f543ee6af6b8920,code,1,9af6b5b5e7c296e4e997a0afd43064896d908dd16fd94949b8497c0ec878a383
1,128,1,1,1,single,20,0,6,2.391188665991649,2.0891896249959245,0.3019002079963684,1,queue-inclusive service request,replay-3-0,54dc4983ab578f2c,code,0,d2e970ccba38ef38b5871c9673def3ba341759a05b280645e2e00d52671724e8
1,128,1,1,1,single,20,0,7,2.7120420829742216,2.391244624974206,0.32067775004543364,1,queue-inclusive service request,replay-3-1,54dc4983ab578f2c,code,1,a00e8bb8ae6325d5a92bab733139b8877628892cf432702c5b8e2be93963bb72
1,128,1,1,1,single,20,1,0,0.26874608296202496,7.874995935708284e-05,0.26855333300773054,1,queue-inclusive service request,replay-0-0,48938588903be5f0,math,0,27b260dc9006998d3cc07116750a2301f7c074bb87935263baaacb82ceefc7a8
1,128,1,1,1,single,20,1,1,0.5920034170267172,0.267393667018041,0.3244944170000963,1,queue-inclusive service request,replay-0-1,48938588903be5f0,math,1,4d29a3653f4820017fca9a079e23341f237a5e27ce6fd820d5bd2aa31f55f1d9
1,128,1,1,1,single,20,1,2,0.9005615839851089,0.5920612500049174,0.3083940420183353,1,queue-inclusive service request,replay-1-0,5e269f66a46c0c02,retrieval,0,caebd297d2e6059d30182feb06b45dd81df40c616172d1aa4e6c323f3476ac02
1,128,1,1,1,single,20,1,3,1.3917789999977686,0.9006134170340374,0.49105579196475446,1,queue-inclusive service request,replay-1-1,5e269f66a46c0c02,retrieval,1,ddce54a1ab2625971ce0f90f1e8c5cf711905c05a8b7073b1352bfcd34dcec16
1,128,1,1,1,single,20,1,4,1.7954303750302643,1.3918360419920646,0.4034764170064591,1,queue-inclusive service request,replay-2-0,6f543ee6af6b8920,code,0,c12358112bcde5b798e8d49256aadcdb79a74920a12af33eceefc360c975ff72
1,128,1,1,1,single,20,1,5,2.1375030840281397,1.795490125019569,0.3419006670010276,1,queue-inclusive service request,replay-2-1,6f543ee6af6b8920,code,1,9af6b5b5e7c296e4e997a0afd43064896d908dd16fd94949b8497c0ec878a383
1,128,1,1,1,single,20,1,6,2.5328800409915857,2.1375624159700237,0.39520429202821106,1,queue-inclusive service request,replay-3-0,54dc4983ab578f2c,code,0,d2e970ccba38ef38b5871c9673def3ba341759a05b280645e2e00d52671724e8
1,128,1,1,1,single,20,1,7,2.8656763749895617,2.5329459169879556,0.33252395800082013,1,queue-inclusive service request,replay-3-1,54dc4983ab578f2c,code,1,a00e8bb8ae6325d5a92bab733139b8877628892cf432702c5b8e2be93963bb72
1,128,1,1,1,single,20,2,0,0.2773795409593731,9.22079780139029e-05,0.2771655829856172,1,queue-inclusive service request,replay-0-0,48938588903be5f0,math,0,27b260dc9006998d3cc07116750a2301f7c074bb87935263baaacb82ceefc7a8
1,128,1,1,1,single,20,2,1,0.6007880000397563,0.27601916599087417,0.324651500035543,1,queue-inclusive service request,replay-0-1,48938588903be5f0,math,1,4d29a3653f4820017fca9a079e23341f237a5e27ce6fd820d5bd2aa31f55f1d9
1,128,1,1,1,single,20,2,2,0.9180807080119848,0.6008493329863995,0.3171328330063261,1,queue-inclusive service request,replay-1-0,5e269f66a46c0c02,retrieval,0,caebd297d2e6059d30182feb06b45dd81df40c616172d1aa4e6c323f3476ac02
1,128,1,1,1,single,20,2,3,1.5286069170106202,0.918137792032212,0.6101844999939203,1,queue-inclusive service request,replay-1-1,5e269f66a46c0c02,retrieval,1,ddce54a1ab2625971ce0f90f1e8c5cf711905c05a8b7073b1352bfcd34dcec16
1,128,1,1,1,single,20,2,4,1.9252771249739453,1.5287105409661308,0.3964507920318283,1,queue-inclusive service request,replay-2-0,6f543ee6af6b8920,code,0,c12358112bcde5b798e8d49256aadcdb79a74920a12af33eceefc360c975ff72
1,128,1,1,1,single,20,2,5,2.4661699589923956,1.9253329589846544,0.5406764160143211,1,queue-inclusive service request,replay-2-1,6f543ee6af6b8920,code,1,9af6b5b5e7c296e4e997a0afd43064896d908dd16fd94949b8497c0ec878a383
1,128,1,1,1,single,20,2,6,4.155463957984466,2.4662457079975866,1.6886020000092685,1,queue-inclusive service request,replay-3-0,54dc4983ab578f2c,code,0,d2e970ccba38ef38b5871c9673def3ba341759a05b280645e2e00d52671724e8
1,128,1,1,1,single,20,2,7,7.352675125002861,4.155678957991768,3.196433542005252,1,queue-inclusive service request,replay-3-1,54dc4983ab578f2c,code,1,a00e8bb8ae6325d5a92bab733139b8877628892cf432702c5b8e2be93963bb72
4,128,1,1,1,single,23,0,0,0.6199172080378048,0.00020541599951684475,0.6195941670448519,1,queue-inclusive service request,replay-0-0,48938588903be5f0,math,0,27b260dc9006998d3cc07116750a2301f7c074bb87935263baaacb82ceefc7a8
4,128,1,1,1,single,23,0,1,1.0515582080115564,0.616614833008498,0.43483895901590586,1,queue-inclusive service request,replay-0-1,48938588903be5f0,math,1,4d29a3653f4820017fca9a079e23341f237a5e27ce6fd820d5bd2aa31f55f1d9
4,128,1,1,1,single,23,0,2,1.6332753749447875,1.0516189999761991,0.5813357919687405,1,queue-inclusive service request,replay-1-0,5e269f66a46c0c02,retrieval,0,caebd297d2e6059d30182feb06b45dd81df40c616172d1aa4e6c323f3476ac02
4,128,1,1,1,single,23,0,3,2.2674035420059226,1.6334058330394328,0.6338573339744471,1,queue-inclusive service request,replay-1-1,5e269f66a46c0c02,retrieval,1,ddce54a1ab2625971ce0f90f1e8c5cf711905c05a8b7073b1352bfcd34dcec16
4,128,1,1,1,single,23,0,4,3.697651458962355,2.2674666249658912,1.4284075000323355,1,queue-inclusive service request,replay-2-0,6f543ee6af6b8920,code,0,c12358112bcde5b798e8d49256aadcdb79a74920a12af33eceefc360c975ff72
4,128,1,1,1,single,23,0,5,4.542211124964524,3.697905291977804,0.844178916013334,1,queue-inclusive service request,replay-2-1,6f543ee6af6b8920,code,1,9af6b5b5e7c296e4e997a0afd43064896d908dd16fd94949b8497c0ec878a383
4,128,1,1,1,single,23,0,6,4.919425542000681,4.542289750010241,0.3770195419783704,1,queue-inclusive service request,replay-3-0,54dc4983ab578f2c,code,0,d2e970ccba38ef38b5871c9673def3ba341759a05b280645e2e00d52671724e8
4,128,1,1,1,single,23,0,7,5.270378916000482,4.919491500011645,0.3506753749679774,1,queue-inclusive service request,replay-3-1,54dc4983ab578f2c,code,1,a00e8bb8ae6325d5a92bab733139b8877628892cf432702c5b8e2be93963bb72
4,128,1,1,1,single,23,1,0,0.32977712503634393,0.00018920900765806437,0.32948162499815226,1,queue-inclusive service request,replay-0-0,48938588903be5f0,math,0,27b260dc9006998d3cc07116750a2301f7c074bb87935263baaacb82ceefc7a8
4,128,1,1,1,single,23,1,1,0.6341204579803161,0.3277456249925308,0.3062690410297364,1,queue-inclusive service request,replay-0-1,48938588903be5f0,math,1,4d29a3653f4820017fca9a079e23341f237a5e27ce6fd820d5bd2aa31f55f1d9
4,128,1,1,1,single,23,1,2,0.9145512909744866,0.6341748329577968,0.28027500002644956,1,queue-inclusive service request,replay-1-0,5e269f66a46c0c02,retrieval,0,caebd297d2e6059d30182feb06b45dd81df40c616172d1aa4e6c323f3476ac02
4,128,1,1,1,single,23,1,3,1.2014657080289908,0.9146060830098577,0.28675562504213303,1,queue-inclusive service request,replay-1-1,5e269f66a46c0c02,retrieval,1,ddce54a1ab2625971ce0f90f1e8c5cf711905c05a8b7073b1352bfcd34dcec16
4,128,1,1,1,single,23,1,4,1.4406262090196833,1.2015215840074234,0.23900079098530114,1,queue-inclusive service request,replay-2-0,6f543ee6af6b8920,code,0,c12358112bcde5b798e8d49256aadcdb79a74920a12af33eceefc360c975ff72
4,128,1,1,1,single,23,1,5,1.7246175420004874,1.4406832919921726,0.28383008303353563,1,queue-inclusive service request,replay-2-1,6f543ee6af6b8920,code,1,9af6b5b5e7c296e4e997a0afd43064896d908dd16fd94949b8497c0ec878a383
4,128,1,1,1,single,23,1,6,2.0274033329915255,1.7246729169855826,0.3026270830305293,1,queue-inclusive service request,replay-3-0,54dc4983ab578f2c,code,0,d2e970ccba38ef38b5871c9673def3ba341759a05b280645e2e00d52671724e8
4,128,1,1,1,single,23,1,7,3.293398374982644,2.0274598749820143,1.2658192499657162,1,queue-inclusive service request,replay-3-1,54dc4983ab578f2c,code,1,a00e8bb8ae6325d5a92bab733139b8877628892cf432702c5b8e2be93963bb72
4,128,1,1,1,single,23,2,0,0.2678862090106122,0.00010070903226733208,0.2675727909663692,1,queue-inclusive service request,replay-0-0,48938588903be5f0,math,0,27b260dc9006998d3cc07116750a2301f7c074bb87935263baaacb82ceefc7a8
4,128,1,1,1,single,23,2,1,0.5446345419622958,0.2665553329861723,0.2779781669960357,1,queue-inclusive service request,replay-0-1,48938588903be5f0,math,1,4d29a3653f4820017fca9a079e23341f237a5e27ce6fd820d5bd2aa31f55f1d9
4,128,1,1,1,single,23,2,2,0.8228060419787653,0.5446875829948112,0.2780207499745302,1,queue-inclusive service request,replay-1-0,5e269f66a46c0c02,retrieval,0,caebd297d2e6059d30182feb06b45dd81df40c616172d1aa4e6c323f3476ac02
4,128,1,1,1,single,23,2,3,1.1226232090266421,0.8228619170258753,0.29966633301228285,1,queue-inclusive service request,replay-1-1,5e269f66a46c0c02,retrieval,1,ddce54a1ab2625971ce0f90f1e8c5cf711905c05a8b7073b1352bfcd34dcec16
4,128,1,1,1,single,23,2,4,1.3811999169993214,1.1226758750271983,0.2584271249943413,1,queue-inclusive service request,replay-2-0,6f543ee6af6b8920,code,0,c12358112bcde5b798e8d49256aadcdb79a74920a12af33eceefc360c975ff72
4,128,1,1,1,single,23,2,5,1.6776390410377644,1.3812547500128858,0.29629041597945616,1,queue-inclusive service request,replay-2-1,6f543ee6af6b8920,code,1,9af6b5b5e7c296e4e997a0afd43064896d908dd16fd94949b8497c0ec878a383
4,128,1,1,1,single,23,2,6,1.930935165961273,1.6776906659943052,0.25314429198624566,1,queue-inclusive service request,replay-3-0,54dc4983ab578f2c,code,0,d2e970ccba38ef38b5871c9673def3ba341759a05b280645e2e00d52671724e8
4,128,1,1,1,single,23,2,7,2.248253375000786,1.9309894579928368,0.31626016699010506,1,queue-inclusive service request,replay-3-1,54dc4983ab578f2c,code,1,a00e8bb8ae6325d5a92bab733139b8877628892cf432702c5b8e2be93963bb72
1,128,1,1,1,dynamic,24,0,0,0.6271422909921966,4.758400609716773e-05,0.6270522910053842,1,queue-inclusive service request,replay-0-0,48938588903be5f0,math,0,27b260dc9006998d3cc07116750a2301f7c074bb87935263baaacb82ceefc7a8
1,128,1,1,1,dynamic,24,0,1,1.11434387502959,0.6271725830738433,0.4871330839814618,1,queue-inclusive service request,replay-0-1,48938588903be5f0,math,1,4d29a3653f4820017fca9a079e23341f237a5e27ce6fd820d5bd2aa31f55f1d9
1,128,1,1,1,dynamic,24,0,2,1.7431999580003321,1.1143931249389425,0.6286861670087092,1,queue-inclusive service request,replay-1-0,5e269f66a46c0c02,retrieval,0,caebd297d2e6059d30182feb06b45dd81df40c616172d1aa4e6c323f3476ac02
1,128,1,1,1,dynamic,24,0,3,2.198840625002049,1.743323125061579,0.45547679194714874,1,queue-inclusive service request,replay-1-1,5e269f66a46c0c02,retrieval,1,ddce54a1ab2625971ce0f90f1e8c5cf711905c05a8b7073b1352bfcd34dcec16
1,128,1,1,1,dynamic,24,0,4,2.5197607500012964,2.1988865829771385,0.3208418330177665,1,queue-inclusive service request,replay-2-0,6f543ee6af6b8920,code,0,c12358112bcde5b798e8d49256aadcdb79a74920a12af33eceefc360c975ff72
1,128,1,1,1,dynamic,24,0,5,2.81596483301837,2.519805791962426,0.29611358302645385,1,queue-inclusive service request,replay-2-1,6f543ee6af6b8920,code,1,9af6b5b5e7c296e4e997a0afd43064896d908dd16fd94949b8497c0ec878a383
1,128,1,1,1,dynamic,24,0,6,3.0746421659714542,2.816028000030201,0.25857741601066664,1,queue-inclusive service request,replay-3-0,54dc4983ab578f2c,code,0,d2e970ccba38ef38b5871c9673def3ba341759a05b280645e2e00d52671724e8
1,128,1,1,1,dynamic,24,0,7,3.384737583983224,3.074690209061373,0.31001245795050636,1,queue-inclusive service request,replay-3-1,54dc4983ab578f2c,code,1,a00e8bb8ae6325d5a92bab733139b8877628892cf432702c5b8e2be93963bb72
1,128,1,1,1,dynamic,24,1,0,0.31272633402841166,3.366702003404498e-05,0.3126499999780208,1,queue-inclusive service request,replay-0-0,48938588903be5f0,math,0,27b260dc9006998d3cc07116750a2301f7c074bb87935263baaacb82ceefc7a8
1,128,1,1,1,dynamic,24,1,1,0.6137263749842532,0.31276354094734415,0.3008861669804901,1,queue-inclusive service request,replay-0-1,48938588903be5f0,math,1,4d29a3653f4820017fca9a079e23341f237a5e27ce6fd820d5bd2aa31f55f1d9
1,128,1,1,1,dynamic,24,1,2,0.9773359579849057,0.6138027079869062,0.3634958330076188,1,queue-inclusive service request,replay-1-0,5e269f66a46c0c02,retrieval,0,caebd297d2e6059d30182feb06b45dd81df40c616172d1aa4e6c323f3476ac02
1,128,1,1,1,dynamic,24,1,3,1.3148794579901733,0.9773811250342987,0.337464792013634,1,queue-inclusive service request,replay-1-1,5e269f66a46c0c02,retrieval,1,ddce54a1ab2625971ce0f90f1e8c5cf711905c05a8b7073b1352bfcd34dcec16
1,128,1,1,1,dynamic,24,1,4,1.555544041970279,1.314925334067084,0.2405779999680817,1,queue-inclusive service request,replay-2-0,6f543ee6af6b8920,code,0,c12358112bcde5b798e8d49256aadcdb79a74920a12af33eceefc360c975ff72
1,128,1,1,1,dynamic,24,1,5,2.1898835410247557,1.5555955829913728,0.6341955829993822,1,queue-inclusive service request,replay-2-1,6f543ee6af6b8920,code,1,9af6b5b5e7c296e4e997a0afd43064896d908dd16fd94949b8497c0ec878a383
1,128,1,1,1,dynamic,24,1,6,3.165959333011415,2.1899647500831634,0.9759478750056587,1,queue-inclusive service request,replay-3-0,54dc4983ab578f2c,code,0,d2e970ccba38ef38b5871c9673def3ba341759a05b280645e2e00d52671724e8
1,128,1,1,1,dynamic,24,1,7,3.485021208995022,3.1660091250087135,0.3189715000335127,1,queue-inclusive service request,replay-3-1,54dc4983ab578f2c,code,1,a00e8bb8ae6325d5a92bab733139b8877628892cf432702c5b8e2be93963bb72
1,128,1,1,1,dynamic,24,2,0,0.235517582972534,3.5374017897993326e-05,0.2354309579823166,1,queue-inclusive service request,replay-0-0,48938588903be5f0,math,0,27b260dc9006998d3cc07116750a2301f7c074bb87935263baaacb82ceefc7a8
1,128,1,1,1,dynamic,24,2,1,0.512548583035823,0.23556533205555752,0.27694570895982906,1,queue-inclusive service request,replay-0-1,48938588903be5f0,math,1,4d29a3653f4820017fca9a079e23341f237a5e27ce6fd820d5bd2aa31f55f1d9
1,128,1,1,1,dynamic,24,2,2,0.7741657920414582,0.5125998750445433,0.26152954198187217,1,queue-inclusive service request,replay-1-0,5e269f66a46c0c02,retrieval,0,caebd297d2e6059d30182feb06b45dd81df40c616172d1aa4e6c323f3476ac02
1,128,1,1,1,dynamic,24,2,3,1.0595341250300407,0.7742093340493739,0.2852882079896517,1,queue-inclusive service request,replay-1-1,5e269f66a46c0c02,retrieval,1,ddce54a1ab2625971ce0f90f1e8c5cf711905c05a8b7073b1352bfcd34dcec16
1,128,1,1,1,dynamic,24,2,4,1.2985249999910593,1.0595876659499481,0.2389007920282893,1,queue-inclusive service request,replay-2-0,6f543ee6af6b8920,code,0,c12358112bcde5b798e8d49256aadcdb79a74920a12af33eceefc360c975ff72
1,128,1,1,1,dynamic,24,2,5,1.5910649999859743,1.298571958031971,0.29245287500089034,1,queue-inclusive service request,replay-2-1,6f543ee6af6b8920,code,1,9af6b5b5e7c296e4e997a0afd43064896d908dd16fd94949b8497c0ec878a383
1,128,1,1,1,dynamic,24,2,6,1.937342042045202,1.5911124590202235,0.3461872080224566,1,queue-inclusive service request,replay-3-0,54dc4983ab578f2c,code,0,d2e970ccba38ef38b5871c9673def3ba341759a05b280645e2e00d52671724e8
1,128,1,1,1,dynamic,24,2,7,2.2537864580517635,1.9374032079940662,0.3163477500202134,1,queue-inclusive service request,replay-3-1,54dc4983ab578f2c,code,1,a00e8bb8ae6325d5a92bab733139b8877628892cf432702c5b8e2be93963bb72
4,128,4,3,1,single,25,0,0,0.25052025000331923,0.00015887501649558544,0.24870075000217184,1,queue-inclusive service request,replay-0-0,48938588903be5f0,math,0,27b260dc9006998d3cc07116750a2301f7c074bb87935263baaacb82ceefc7a8
4,128,4,3,1,single,25,0,1,0.9394364160252735,0.24735908303409815,0.6904986249865033,1,queue-inclusive service request,replay-0-1,48938588903be5f0,math,1,4d29a3653f4820017fca9a079e23341f237a5e27ce6fd820d5bd2aa31f55f1d9
4,128,4,3,1,single,25,0,2,1.3600901659810916,0.9378957910230383,0.4207279169932008,1,queue-inclusive service request,replay-1-0,5e269f66a46c0c02,retrieval,0,caebd297d2e6059d30182feb06b45dd81df40c616172d1aa4e6c323f3476ac02
4,128,4,3,1,single,25,0,3,1.7127937919576652,1.358644958003424,0.3522462089895271,1,queue-inclusive service request,replay-1-1,5e269f66a46c0c02,retrieval,1,ddce54a1ab2625971ce0f90f1e8c5cf711905c05a8b7073b1352bfcd34dcec16
4,128,4,3,1,single,25,0,4,1.9965672090183944,1.7109585420112126,0.28408312500687316,1,queue-inclusive service request,replay-2-0,6f543ee6af6b8920,code,0,c12358112bcde5b798e8d49256aadcdb79a74920a12af33eceefc360c975ff72
4,128,4,3,1,single,25,0,5,2.288860500033479,1.9950772909796797,0.2923545420053415,1,queue-inclusive service request,replay-2-1,6f543ee6af6b8920,code,1,9af6b5b5e7c296e4e997a0afd43064896d908dd16fd94949b8497c0ec878a383
4,128,4,3,1,single,25,0,6,2.530458292050753,2.2874629590078257,0.24150412500603124,1,queue-inclusive service request,replay-3-0,54dc4983ab578f2c,code,0,d2e970ccba38ef38b5871c9673def3ba341759a05b280645e2e00d52671724e8
4,128,4,3,1,single,25,0,7,2.816618458018638,2.5290016250219196,0.2875076659838669,1,queue-inclusive service request,replay-3-1,54dc4983ab578f2c,code,1,a00e8bb8ae6325d5a92bab733139b8877628892cf432702c5b8e2be93963bb72
4,128,4,3,1,single,25,1,0,0.2288987499778159,9.016698459163308e-05,0.22729399998206645,1,queue-inclusive service request,replay-0-0,48938588903be5f0,math,0,27b260dc9006998d3cc07116750a2301f7c074bb87935263baaacb82ceefc7a8
4,128,4,3,1,single,25,1,1,0.5011340829660185,0.2260266249650158,0.2737123330007307,1,queue-inclusive service request,replay-0-1,48938588903be5f0,math,1,4d29a3653f4820017fca9a079e23341f237a5e27ce6fd820d5bd2aa31f55f1d9
4,128,4,3,1,single,25,1,2,0.7599484579986893,0.49975591601105407,0.2587169589824043,1,queue-inclusive service request,replay-1-0,5e269f66a46c0c02,retrieval,0,caebd297d2e6059d30182feb06b45dd81df40c616172d1aa4e6c323f3476ac02
4,128,4,3,1,single,25,1,3,1.064955750014633,0.7584950840100646,0.30507629102794454,1,queue-inclusive service request,replay-1-1,5e269f66a46c0c02,retrieval,1,ddce54a1ab2625971ce0f90f1e8c5cf711905c05a8b7073b1352bfcd34dcec16
4,128,4,3,1,single,25,1,4,1.340995209000539,1.0635926250251941,0.2759436249616556,1,queue-inclusive service request,replay-2-0,6f543ee6af6b8920,code,0,c12358112bcde5b798e8d49256aadcdb79a74920a12af33eceefc360c975ff72
4,128,4,3,1,single,25,1,5,1.6762355840182863,1.3395628749858588,0.33520145900547504,1,queue-inclusive service request,replay-2-1,6f543ee6af6b8920,code,1,9af6b5b5e7c296e4e997a0afd43064896d908dd16fd94949b8497c0ec878a383
4,128,4,3,1,single,25,1,6,1.9347001670394093,1.674801082990598,0.2573365000425838,1,queue-inclusive service request,replay-3-0,54dc4983ab578f2c,code,0,d2e970ccba38ef38b5871c9673def3ba341759a05b280645e2e00d52671724e8
4,128,4,3,1,single,25,1,7,2.2110233749845065,1.932188207982108,0.27873854199424386,1,queue-inclusive service request,replay-3-1,54dc4983ab578f2c,code,1,a00e8bb8ae6325d5a92bab733139b8877628892cf432702c5b8e2be93963bb72
4,128,4,3,1,single,25,2,0,0.22870579099981114,6.795802619308233e-05,0.22700837498996407,1,queue-inclusive service request,replay-0-0,48938588903be5f0,math,0,27b260dc9006998d3cc07116750a2301f7c074bb87935263baaacb82ceefc7a8
4,128,4,3,1,single,25,2,1,0.5084708749782294,0.22577575000468642,0.2812895840033889,1,queue-inclusive service request,replay-0-1,48938588903be5f0,math,1,4d29a3653f4820017fca9a079e23341f237a5e27ce6fd820d5bd2aa31f55f1d9
4,128,4,3,1,single,25,2,2,0.8324160830234177,0.5070844169822522,0.32382016599876806,1,queue-inclusive service request,replay-1-0,5e269f66a46c0c02,retrieval,0,caebd297d2e6059d30182feb06b45dd81df40c616172d1aa4e6c323f3476ac02
4,128,4,3,1,single,25,2,3,1.1860771250212565,0.8309245000127703,0.35367799998493865,1,queue-inclusive service request,replay-1-1,5e269f66a46c0c02,retrieval,1,ddce54a1ab2625971ce0f90f1e8c5cf711905c05a8b7073b1352bfcd34dcec16
4,128,4,3,1,single,25,2,4,1.6411219169967808,1.1846241669845767,0.4543199170148,1,queue-inclusive service request,replay-2-0,6f543ee6af6b8920,code,0,c12358112bcde5b798e8d49256aadcdb79a74920a12af33eceefc360c975ff72
4,128,4,3,1,single,25,2,5,2.001318332972005,1.6390410409658216,0.3607530000153929,1,queue-inclusive service request,replay-2-1,6f543ee6af6b8920,code,1,9af6b5b5e7c296e4e997a0afd43064896d908dd16fd94949b8497c0ec878a383
4,128,4,3,1,single,25,2,6,2.294822166033555,1.9998265000176616,0.2934548750054091,1,queue-inclusive service request,replay-3-0,54dc4983ab578f2c,code,0,d2e970ccba38ef38b5871c9673def3ba341759a05b280645e2e00d52671724e8
4,128,4,3,1,single,25,2,7,2.7422544580185786,2.293306957988534,0.448804542014841,1,queue-inclusive service request,replay-3-1,54dc4983ab578f2c,code,1,a00e8bb8ae6325d5a92bab733139b8877628892cf432702c5b8e2be93963bb72
4,128,4,1,1,dynamic,26,0,0,1.9717277500312775,6.579101318493485e-05,1.9715971249970607,4,queue-inclusive service request,replay-0-0,48938588903be5f0,math,0,27b260dc9006998d3cc07116750a2301f7c074bb87935263baaacb82ceefc7a8
4,128,4,1,1,dynamic,26,0,1,1.9717221659957431,4.387501394376159e-05,1.9715971249970607,4,queue-inclusive service request,replay-0-1,48938588903be5f0,math,1,4d29a3653f4820017fca9a079e23341f237a5e27ce6fd820d5bd2aa31f55f1d9
4,128,4,1,1,dynamic,26,0,2,1.9717212499817833,3.9541919250041246e-05,1.9715971249970607,4,queue-inclusive service request,replay-1-0,5e269f66a46c0c02,retrieval,0,caebd297d2e6059d30182feb06b45dd81df40c616172d1aa4e6c323f3476ac02
4,128,4,1,1,dynamic,26,0,3,1.9717221659957431,3.645697142928839e-05,1.9715971249970607,4,queue-inclusive service request,replay-1-1,5e269f66a46c0c02,retrieval,1,ddce54a1ab2625971ce0f90f1e8c5cf711905c05a8b7073b1352bfcd34dcec16
4,128,4,1,1,dynamic,26,0,4,2.7454946659854613,1.971802874992136,0.7736486669746228,4,queue-inclusive service request,replay-2-0,6f543ee6af6b8920,code,0,c12358112bcde5b798e8d49256aadcdb79a74920a12af33eceefc360c975ff72
4,128,4,1,1,dynamic,26,0,5,2.7454970839899033,1.9718042089953087,0.7736486669746228,4,queue-inclusive service request,replay-2-1,6f543ee6af6b8920,code,1,9af6b5b5e7c296e4e997a0afd43064896d908dd16fd94949b8497c0ec878a383
4,128,4,1,1,dynamic,26,0,6,2.7454992919811048,1.9718035840196535,0.7736486669746228,4,queue-inclusive service request,replay-3-0,54dc4983ab578f2c,code,0,d2e970ccba38ef38b5871c9673def3ba341759a05b280645e2e00d52671724e8
4,128,4,1,1,dynamic,26,0,7,2.74550104199443,1.971803041989915,0.7736486669746228,4,queue-inclusive service request,replay-3-1,54dc4983ab578f2c,code,1,a00e8bb8ae6325d5a92bab733139b8877628892cf432702c5b8e2be93963bb72
4,128,4,1,1,dynamic,26,1,0,0.7184229170088656,4.93330298922956e-05,0.7183274580165744,4,queue-inclusive service request,replay-0-0,48938588903be5f0,math,0,27b260dc9006998d3cc07116750a2301f7c074bb87935263baaacb82ceefc7a8
4,128,4,1,1,dynamic,26,1,1,0.7184142090263776,3.783300053328276e-05,0.7183274580165744,4,queue-inclusive service request,replay-0-1,48938588903be5f0,math,1,4d29a3653f4820017fca9a079e23341f237a5e27ce6fd820d5bd2aa31f55f1d9
4,128,4,1,1,dynamic,26,1,2,0.7184128329972737,3.32500203512609e-05,0.7183274580165744,4,queue-inclusive service request,replay-1-0,5e269f66a46c0c02,retrieval,0,caebd297d2e6059d30182feb06b45dd81df40c616172d1aa4e6c323f3476ac02
4,128,4,1,1,dynamic,26,1,3,0.718412707967218,3.0124967452138662e-05,0.7183274580165744,4,queue-inclusive service request,replay-1-1,5e269f66a46c0c02,retrieval,1,ddce54a1ab2625971ce0f90f1e8c5cf711905c05a8b7073b1352bfcd34dcec16
4,128,4,1,1,dynamic,26,1,4,1.7956029580091126,0.7184743329999037,1.077073583030142,4,queue-inclusive service request,replay-2-0,6f543ee6af6b8920,code,0,c12358112bcde5b798e8d49256aadcdb79a74920a12af33eceefc360c975ff72
4,128,4,1,1,dynamic,26,1,5,1.7956072500091977,0.71847387496382,1.077073583030142,4,queue-inclusive service request,replay-2-1,6f543ee6af6b8920,code,1,9af6b5b5e7c296e4e997a0afd43064896d908dd16fd94949b8497c0ec878a383
4,128,4,1,1,dynamic,26,1,6,1.7956103750038892,0.7184734580223449,1.077073583030142,4,queue-inclusive service request,replay-3-0,54dc4983ab578f2c,code,0,d2e970ccba38ef38b5871c9673def3ba341759a05b280645e2e00d52671724e8
4,128,4,1,1,dynamic,26,1,7,1.7956130829988979,0.718472708016634,1.077073583030142,4,queue-inclusive service request,replay-3-1,54dc4983ab578f2c,code,1,a00e8bb8ae6325d5a92bab733139b8877628892cf432702c5b8e2be93963bb72
4,128,4,1,1,dynamic,26,2,0,2.4291543340077624,6.883393507450819e-05,2.428952125017531,4,queue-inclusive service request,replay-0-0,48938588903be5f0,math,0,27b260dc9006998d3cc07116750a2301f7c074bb87935263baaacb82ceefc7a8
4,128,4,1,1,dynamic,26,2,1,2.42917233298067,5.462497938424349e-05,2.428952125017531,4,queue-inclusive service request,replay-0-1,48938588903be5f0,math,1,4d29a3653f4820017fca9a079e23341f237a5e27ce6fd820d5bd2aa31f55f1d9
4,128,4,1,1,dynamic,26,2,2,2.4291717910091393,5.0125003326684237e-05,2.428952125017531,4,queue-inclusive service request,replay-1-0,5e269f66a46c0c02,retrieval,0,caebd297d2e6059d30182feb06b45dd81df40c616172d1aa4e6c323f3476ac02
4,128,4,1,1,dynamic,26,2,3,2.4291716670268215,4.68750367872417e-05,2.428952125017531,4,queue-inclusive service request,replay-1-1,5e269f66a46c0c02,retrieval,1,ddce54a1ab2625971ce0f90f1e8c5cf711905c05a8b7073b1352bfcd34dcec16
4,128,4,1,1,dynamic,26,2,4,3.7025117090088315,2.4292871259967797,1.273177333001513,4,queue-inclusive service request,replay-2-0,6f543ee6af6b8920,code,0,c12358112bcde5b798e8d49256aadcdb79a74920a12af33eceefc360c975ff72
4,128,4,1,1,dynamic,26,2,5,3.702515415963717,2.429289749939926,1.273177333001513,4,queue-inclusive service request,replay-2-1,6f543ee6af6b8920,code,1,9af6b5b5e7c296e4e997a0afd43064896d908dd16fd94949b8497c0ec878a383
4,128,4,1,1,dynamic,26,2,6,3.7025176659808494,2.4292890419601463,1.273177333001513,4,queue-inclusive service request,replay-3-0,54dc4983ab578f2c,code,0,d2e970ccba38ef38b5871c9673def3ba341759a05b280645e2e00d52671724e8
4,128,4,1,1,dynamic,26,2,7,3.702519291022327,2.4292882080189884,1.273177333001513,4,queue-inclusive service request,replay-3-1,54dc4983ab578f2c,code,1,a00e8bb8ae6325d5a92bab733139b8877628892cf432702c5b8e2be93963bb72
4,128,1,2,1,single,27,0,0,0.5581730409758165,0.0001646659802645445,0.557904209010303,1,queue-inclusive service request,replay-0-0,48938588903be5f0,math,0,27b260dc9006998d3cc07116750a2301f7c074bb87935263baaacb82ceefc7a8
4,128,1,2,1,single,27,0,1,0.9011732080252841,0.5522976249922067,0.34877470799256116,1,queue-inclusive service request,replay-0-1,48938588903be5f0,math,1,4d29a3653f4820017fca9a079e23341f237a5e27ce6fd820d5bd2aa31f55f1d9
4,128,1,2,1,single,27,0,2,1.2430270000477321,0.9012257920112461,0.3417012080317363,1,queue-inclusive service request,replay-1-0,5e269f66a46c0c02,retrieval,0,caebd297d2e6059d30182feb06b45dd81df40c616172d1aa4e6c323f3476ac02
4,128,1,2,1,single,27,0,3,1.647439249965828,1.2430830840021372,0.40414016594877467,1,queue-inclusive service request,replay-1-1,5e269f66a46c0c02,retrieval,1,ddce54a1ab2625971ce0f90f1e8c5cf711905c05a8b7073b1352bfcd34dcec16
4,128,1,2,1,single,27,0,4,1.9573531250352971,1.6475226660259068,0.3097300420049578,1,queue-inclusive service request,replay-2-0,6f543ee6af6b8920,code,0,c12358112bcde5b798e8d49256aadcdb79a74920a12af33eceefc360c975ff72
4,128,1,2,1,single,27,0,5,2.26684362499509,1.9574147500097752,0.30932487500831485,1,queue-inclusive service request,replay-2-1,6f543ee6af6b8920,code,1,9af6b5b5e7c296e4e997a0afd43064896d908dd16fd94949b8497c0ec878a383
4,128,1,2,1,single,27,0,6,2.5479942910023965,2.2668996659922414,0.2809839590336196,1,queue-inclusive service request,replay-3-0,54dc4983ab578f2c,code,0,d2e970ccba38ef38b5871c9673def3ba341759a05b280645e2e00d52671724e8
4,128,1,2,1,single,27,0,7,2.939867749984842,2.5480456660152413,0.3917198749841191,1,queue-inclusive service request,replay-3-1,54dc4983ab578f2c,code,1,a00e8bb8ae6325d5a92bab733139b8877628892cf432702c5b8e2be93963bb72
4,128,1,2,1,single,27,1,0,0.23913129197899252,0.00013683299766853452,0.23889124998822808,1,queue-inclusive service request,replay-0-0,48938588903be5f0,math,0,27b260dc9006998d3cc07116750a2301f7c074bb87935263baaacb82ceefc7a8
4,128,1,2,1,single,27,1,1,0.6067346659838222,0.23759724997216836,0.36903120804345235,1,queue-inclusive service request,replay-0-1,48938588903be5f0,math,1,4d29a3653f4820017fca9a079e23341f237a5e27ce6fd820d5bd2aa31f55f1d9
4,128,1,2,1,single,27,1,2,2.2767372090020217,0.6067846670048311,1.6687454999773763,1,queue-inclusive service request,replay-1-0,5e269f66a46c0c02,retrieval,0,caebd297d2e6059d30182feb06b45dd81df40c616172d1aa4e6c323f3476ac02
4,128,1,2,1,single,27,1,3,4.6637052920414135,2.277201667020563,2.385936665988993,1,queue-inclusive service request,replay-1-1,5e269f66a46c0c02,retrieval,1,ddce54a1ab2625971ce0f90f1e8c5cf711905c05a8b7073b1352bfcd34dcec16
4,128,1,2,1,single,27,1,4,5.331860291014891,4.663890165975317,0.6678673340356909,1,queue-inclusive service request,replay-2-0,6f543ee6af6b8920,code,0,c12358112bcde5b798e8d49256aadcdb79a74920a12af33eceefc360c975ff72
4,128,1,2,1,single,27,1,5,5.620792666974012,5.3319161249673925,0.28877283399924636,1,queue-inclusive service request,replay-2-1,6f543ee6af6b8920,code,1,9af6b5b5e7c296e4e997a0afd43064896d908dd16fd94949b8497c0ec878a383
4,128,1,2,1,single,27,1,6,5.8661934999981895,5.6208472499856725,0.24524016701616347,1,queue-inclusive service request,replay-3-0,54dc4983ab578f2c,code,0,d2e970ccba38ef38b5871c9673def3ba341759a05b280645e2e00d52671724e8
4,128,1,2,1,single,27,1,7,6.158689417003188,5.866247707977891,0.2923246250138618,1,queue-inclusive service request,replay-3-1,54dc4983ab578f2c,code,1,a00e8bb8ae6325d5a92bab733139b8877628892cf432702c5b8e2be93963bb72
4,128,1,2,1,single,27,2,0,0.2375592919997871,0.0001385000068694353,0.2373237080173567,1,queue-inclusive service request,replay-0-0,48938588903be5f0,math,0,27b260dc9006998d3cc07116750a2301f7c074bb87935263baaacb82ceefc7a8
4,128,1,2,1,single,27,2,1,0.5246470419806428,0.23612158402102068,0.2884167909505777,1,queue-inclusive service request,replay-0-1,48938588903be5f0,math,1,4d29a3653f4820017fca9a079e23341f237a5e27ce6fd820d5bd2aa31f55f1d9
4,128,1,2,1,single,27,2,2,0.7995073340134695,0.5247013340122066,0.27470887498930097,1,queue-inclusive service request,replay-1-0,5e269f66a46c0c02,retrieval,0,caebd297d2e6059d30182feb06b45dd81df40c616172d1aa4e6c323f3476ac02
4,128,1,2,1,single,27,2,3,1.085059833014384,0.7995581669965759,0.28539545799139887,1,queue-inclusive service request,replay-1-1,5e269f66a46c0c02,retrieval,1,ddce54a1ab2625971ce0f90f1e8c5cf711905c05a8b7073b1352bfcd34dcec16
4,128,1,2,1,single,27,2,4,1.322808500030078,1.085126499994658,0.23756487504579127,1,queue-inclusive service request,replay-2-0,6f543ee6af6b8920,code,0,c12358112bcde5b798e8d49256aadcdb79a74920a12af33eceefc360c975ff72
4,128,1,2,1,single,27,2,5,1.6092651660437696,1.322876250022091,0.2862864999915473,1,queue-inclusive service request,replay-2-1,6f543ee6af6b8920,code,1,9af6b5b5e7c296e4e997a0afd43064896d908dd16fd94949b8497c0ec878a383
4,128,1,2,1,single,27,2,6,1.854993790970184,1.6093212499981746,0.24557295796694234,1,queue-inclusive service request,replay-3-0,54dc4983ab578f2c,code,0,d2e970ccba38ef38b5871c9673def3ba341759a05b280645e2e00d52671724e8
4,128,1,2,1,single,27,2,7,2.1511250420007855,1.8550487500033341,0.29597345797810704,1,queue-inclusive service request,replay-3-1,54dc4983ab578f2c,code,1,a00e8bb8ae6325d5a92bab733139b8877628892cf432702c5b8e2be93963bb72
1,128,1,2,1,single,28,0,0,0.2479215000057593,0.00015354203060269356,0.2476476249867119,1,queue-inclusive service request,replay-0-0,48938588903be5f0,math,0,27b260dc9006998d3cc07116750a2301f7c074bb87935263baaacb82ceefc7a8
1,128,1,2,1,single,28,0,1,0.5296985410386696,0.2464232910424471,0.28316324995830655,1,queue-inclusive service request,replay-0-1,48938588903be5f0,math,1,4d29a3653f4820017fca9a079e23341f237a5e27ce6fd820d5bd2aa31f55f1d9
1,128,1,2,1,single,28,0,2,0.8348909580381587,0.5297545000212267,0.3050180830177851,1,queue-inclusive service request,replay-1-0,5e269f66a46c0c02,retrieval,0,caebd297d2e6059d30182feb06b45dd81df40c616172d1aa4e6c323f3476ac02
1,128,1,2,1,single,28,0,3,1.1199445420061238,0.8349451670073904,0.2848964160075411,1,queue-inclusive service request,replay-1-1,5e269f66a46c0c02,retrieval,1,ddce54a1ab2625971ce0f90f1e8c5cf711905c05a8b7073b1352bfcd34dcec16
1,128,1,2,1,single,28,0,4,1.3698141250060871,1.1199995419592597,0.2497033750405535,1,queue-inclusive service request,replay-2-0,6f543ee6af6b8920,code,0,c12358112bcde5b798e8d49256aadcdb79a74920a12af33eceefc360c975ff72
1,128,1,2,1,single,28,0,5,1.7566013330360875,1.3698766250163317,0.3866188329993747,1,queue-inclusive service request,replay-2-1,6f543ee6af6b8920,code,1,9af6b5b5e7c296e4e997a0afd43064896d908dd16fd94949b8497c0ec878a383
1,128,1,2,1,single,28,0,6,2.0017884590197355,1.7566574590164237,0.24502804095391184,1,queue-inclusive service request,replay-3-0,54dc4983ab578f2c,code,0,d2e970ccba38ef38b5871c9673def3ba341759a05b280645e2e00d52671724e8
1,128,1,2,1,single,28,0,7,2.2844080830109306,2.00184637500206,0.28245975001482293,1,queue-inclusive service request,replay-3-1,54dc4983ab578f2c,code,1,a00e8bb8ae6325d5a92bab733139b8877628892cf432702c5b8e2be93963bb72
1,128,1,2,1,single,28,1,0,0.23466575000202283,8.999998681247234e-05,0.23448833299335092,1,queue-inclusive service request,replay-0-0,48938588903be5f0,math,0,27b260dc9006998d3cc07116750a2301f7c074bb87935263baaacb82ceefc7a8
1,128,1,2,1,single,28,1,1,0.5091585000045598,0.23330287501448765,0.2756814580061473,1,queue-inclusive service request,replay-0-1,48938588903be5f0,math,1,4d29a3653f4820017fca9a079e23341f237a5e27ce6fd820d5bd2aa31f55f1d9
1,128,1,2,1,single,28,1,2,0.8886851249844767,0.5092253750190139,0.3793421249720268,1,queue-inclusive service request,replay-1-0,5e269f66a46c0c02,retrieval,0,caebd297d2e6059d30182feb06b45dd81df40c616172d1aa4e6c323f3476ac02
1,128,1,2,1,single,28,1,3,1.41377983300481,0.8887424580170773,0.5248056669952348,1,queue-inclusive service request,replay-1-1,5e269f66a46c0c02,retrieval,1,ddce54a1ab2625971ce0f90f1e8c5cf711905c05a8b7073b1352bfcd34dcec16
1,128,1,2,1,single,28,1,4,1.6632006660220213,1.4138674160349183,0.2492343339836225,1,queue-inclusive service request,replay-2-0,6f543ee6af6b8920,code,0,c12358112bcde5b798e8d49256aadcdb79a74920a12af33eceefc360c975ff72
1,128,1,2,1,single,28,1,5,1.9479743749834597,1.6632559999707155,0.28460950002772734,1,queue-inclusive service request,replay-2-1,6f543ee6af6b8920,code,1,9af6b5b5e7c296e4e997a0afd43064896d908dd16fd94949b8497c0ec878a383
1,128,1,2,1,single,28,1,6,2.190915082988795,1.9480267919716425,0.24277391604846343,1,queue-inclusive service request,replay-3-0,54dc4983ab578f2c,code,0,d2e970ccba38ef38b5871c9673def3ba341759a05b280645e2e00d52671724e8
1,128,1,2,1,single,28,1,7,2.980004374985583,2.190977209014818,0.7880184159730561,1,queue-inclusive service request,replay-3-1,54dc4983ab578f2c,code,1,a00e8bb8ae6325d5a92bab733139b8877628892cf432702c5b8e2be93963bb72
1,128,1,2,1,single,28,2,0,1.9035083330236375,0.00018674996681511402,1.9028229580144398,1,queue-inclusive service request,replay-0-0,48938588903be5f0,math,0,27b260dc9006998d3cc07116750a2301f7c074bb87935263baaacb82ceefc7a8
1,128,1,2,1,single,28,2,1,5.1048013340332545,1.900230458995793,3.204048999992665,1,queue-inclusive service request,replay-0-1,48938588903be5f0,math,1,4d29a3653f4820017fca9a079e23341f237a5e27ce6fd820d5bd2aa31f55f1d9
1,128,1,2,1,single,28,2,2,6.042034209007397,5.104955916991457,0.9369679170195013,1,queue-inclusive service request,replay-1-0,5e269f66a46c0c02,retrieval,0,caebd297d2e6059d30182feb06b45dd81df40c616172d1aa4e6c323f3476ac02
1,128,1,2,1,single,28,2,3,6.350503915979061,6.042090083006769,0.3082814169465564,1,queue-inclusive service request,replay-1-1,5e269f66a46c0c02,retrieval,1,ddce54a1ab2625971ce0f90f1e8c5cf711905c05a8b7073b1352bfcd34dcec16
1,128,1,2,1,single,28,2,4,6.612124584033154,6.350567916990258,0.2614551250007935,1,queue-inclusive service request,replay-2-0,6f543ee6af6b8920,code,0,c12358112bcde5b798e8d49256aadcdb79a74920a12af33eceefc360c975ff72
1,128,1,2,1,single,28,2,5,6.894248166994657,6.61217887501698,0.28196804196340963,1,queue-inclusive service request,replay-2-1,6f543ee6af6b8920,code,1,9af6b5b5e7c296e4e997a0afd43064896d908dd16fd94949b8497c0ec878a383
1,128,1,2,1,single,28,2,6,7.130863833008334,6.894319540995639,0.23644462501397356,1,queue-inclusive service request,replay-3-0,54dc4983ab578f2c,code,0,d2e970ccba38ef38b5871c9673def3ba341759a05b280645e2e00d52671724e8
1,128,1,2,1,single,28,2,7,7.419463875005022,7.130916166002862,0.2884337090072222,1,queue-inclusive service request,replay-3-1,54dc4983ab578f2c,code,1,a00e8bb8ae6325d5a92bab733139b8877628892cf432702c5b8e2be93963bb72
4,128,1,2,1,dynamic,29,0,0,0.2523032500175759,0.002365624997764826,0.24990204197820276,1,queue-inclusive service request,replay-0-0,48938588903be5f0,math,0,27b260dc9006998d3cc07116750a2301f7c074bb87935263baaacb82ceefc7a8
4,128,1,2,1,dynamic,29,0,1,0.5525337079889141,0.25468112499220297,0.2978122920030728,1,queue-inclusive service request,replay-0-1,48938588903be5f0,math,1,4d29a3653f4820017fca9a079e23341f237a5e27ce6fd820d5bd2aa31f55f1d9
4,128,1,2,1,dynamic,29,0,2,0.8397528330096975,0.5548637500614859,0.2848527919850312,1,queue-inclusive service request,replay-1-0,5e269f66a46c0c02,retrieval,0,caebd297d2e6059d30182feb06b45dd81df40c616172d1aa4e6c323f3476ac02
4,128,1,2,1,dynamic,29,0,3,1.1286813750048168,0.8421416669734754,0.28648833301849663,1,queue-inclusive service request,replay-1-1,5e269f66a46c0c02,retrieval,1,ddce54a1ab2625971ce0f90f1e8c5cf711905c05a8b7073b1352bfcd34dcec16
4,128,1,2,1,dynamic,29,0,4,1.369707916979678,1.1310195830301382,0.23865366698009893,1,queue-inclusive service request,replay-2-0,6f543ee6af6b8920,code,0,c12358112bcde5b798e8d49256aadcdb79a74920a12af33eceefc360c975ff72
4,128,1,2,1,dynamic,29,0,5,1.9505757500301115,1.3720340830041096,0.5782632500049658,1,queue-inclusive service request,replay-2-1,6f543ee6af6b8920,code,1,9af6b5b5e7c296e4e997a0afd43064896d908dd16fd94949b8497c0ec878a383
4,128,1,2,1,dynamic,29,0,6,2.6865378340007737,1.953219750954304,0.7332633750047535,1,queue-inclusive service request,replay-3-0,54dc4983ab578f2c,code,0,d2e970ccba38ef38b5871c9673def3ba341759a05b280645e2e00d52671724e8
4,128,1,2,1,dynamic,29,0,7,3.0242570000118576,2.6888757089618593,0.3353262079763226,1,queue-inclusive service request,replay-3-1,54dc4983ab578f2c,code,1,a00e8bb8ae6325d5a92bab733139b8877628892cf432702c5b8e2be93963bb72
4,128,1,2,1,dynamic,29,1,0,0.24956533400109038,0.0023278340231627226,0.24719629099126905,1,queue-inclusive service request,replay-0-0,48938588903be5f0,math,0,27b260dc9006998d3cc07116750a2301f7c074bb87935263baaacb82ceefc7a8
4,128,1,2,1,dynamic,29,1,1,0.5524164160015061,0.25188033300219104,0.3004986669984646,1,queue-inclusive service request,replay-0-1,48938588903be5f0,math,1,4d29a3653f4820017fca9a079e23341f237a5e27ce6fd820d5bd2aa31f55f1d9
4,128,1,2,1,dynamic,29,1,2,0.8559015840291977,0.5547604999737814,0.3010993750067428,1,queue-inclusive service request,replay-1-0,5e269f66a46c0c02,retrieval,0,caebd297d2e6059d30182feb06b45dd81df40c616172d1aa4e6c323f3476ac02
4,128,1,2,1,dynamic,29,1,3,1.1981926250155084,0.8582517079776153,0.33990358299342915,1,queue-inclusive service request,replay-1-1,5e269f66a46c0c02,retrieval,1,ddce54a1ab2625971ce0f90f1e8c5cf711905c05a8b7073b1352bfcd34dcec16
4,128,1,2,1,dynamic,29,1,4,1.4550672919722274,1.2005236250115559,0.2545019590179436,1,queue-inclusive service request,replay-2-0,6f543ee6af6b8920,code,0,c12358112bcde5b798e8d49256aadcdb79a74920a12af33eceefc360c975ff72
4,128,1,2,1,dynamic,29,1,5,1.7452342500328086,1.4574457500129938,0.2877527499804273,1,queue-inclusive service request,replay-2-1,6f543ee6af6b8920,code,1,9af6b5b5e7c296e4e997a0afd43064896d908dd16fd94949b8497c0ec878a383
4,128,1,2,1,dynamic,29,1,6,1.9831021670252085,1.7473456260631792,0.2357188329915516,1,queue-inclusive service request,replay-3-0,54dc4983ab578f2c,code,0,d2e970ccba38ef38b5871c9673def3ba341759a05b280645e2e00d52671724e8
4,128,1,2,1,dynamic,29,1,7,2.268492167000659,1.9854917090269737,0.2829654589877464,1,queue-inclusive service request,replay-3-1,54dc4983ab578f2c,code,1,a00e8bb8ae6325d5a92bab733139b8877628892cf432702c5b8e2be93963bb72
4,128,1,2,1,dynamic,29,2,0,0.23269770800834522,0.0023691250244155526,0.23029162496095523,1,queue-inclusive service request,replay-0-0,48938588903be5f0,math,0,27b260dc9006998d3cc07116750a2301f7c074bb87935263baaacb82ceefc7a8
4,128,1,2,1,dynamic,29,2,1,0.513389041996561,0.2350849580252543,0.2782700000097975,1,queue-inclusive service request,replay-0-1,48938588903be5f0,math,1,4d29a3653f4820017fca9a079e23341f237a5e27ce6fd820d5bd2aa31f55f1d9
4,128,1,2,1,dynamic,29,2,2,0.7720478750416078,0.5157771249650978,0.25623937498312443,1,queue-inclusive service request,replay-1-0,5e269f66a46c0c02,retrieval,0,caebd297d2e6059d30182feb06b45dd81df40c616172d1aa4e6c323f3476ac02
4,128,1,2,1,dynamic,29,2,3,1.095510374987498,0.7744289580150507,0.32102512498386204,1,queue-inclusive service request,replay-1-1,5e269f66a46c0c02,retrieval,1,ddce54a1ab2625971ce0f90f1e8c5cf711905c05a8b7073b1352bfcd34dcec16
4,128,1,2,1,dynamic,29,2,4,1.4473113330313936,1.097859874018468,0.3494105839636177,1,queue-inclusive service request,replay-2-0,6f543ee6af6b8920,code,0,c12358112bcde5b798e8d49256aadcdb79a74920a12af33eceefc360c975ff72
4,128,1,2,1,dynamic,29,2,5,1.7819785000174306,1.4496552079799585,0.3322758750291541,1,queue-inclusive service request,replay-2-1,6f543ee6af6b8920,code,1,9af6b5b5e7c296e4e997a0afd43064896d908dd16fd94949b8497c0ec878a383
4,128,1,2,1,dynamic,29,2,6,2.070658457989339,1.7843509999802336,0.28627041599247605,1,queue-inclusive service request,replay-3-0,54dc4983ab578f2c,code,0,d2e970ccba38ef38b5871c9673def3ba341759a05b280645e2e00d52671724e8
4,128,1,2,1,dynamic,29,2,7,2.452770125004463,2.073039958020672,0.3796650829608552,1,queue-inclusive service request,replay-3-1,54dc4983ab578f2c,code,1,a00e8bb8ae6325d5a92bab733139b8877628892cf432702c5b8e2be93963bb72
1,128,,2,1,batched,30,0,0,0.25307674997020513,,,1,offline completion from common arrival,replay-0-0,48938588903be5f0,math,0,27b260dc9006998d3cc07116750a2301f7c074bb87935263baaacb82ceefc7a8
1,128,,2,1,batched,30,0,1,0.5805223749484867,,,1,offline completion from common arrival,replay-0-1,48938588903be5f0,math,1,4d29a3653f4820017fca9a079e23341f237a5e27ce6fd820d5bd2aa31f55f1d9
1,128,,2,1,batched,30,0,2,1.041835457959678,,,1,offline completion from common arrival,replay-1-0,5e269f66a46c0c02,retrieval,0,caebd297d2e6059d30182feb06b45dd81df40c616172d1aa4e6c323f3476ac02
1,128,,2,1,batched,30,0,3,1.3879635829944164,,,1,offline completion from common arrival,replay-1-1,5e269f66a46c0c02,retrieval,1,ddce54a1ab2625971ce0f90f1e8c5cf711905c05a8b7073b1352bfcd34dcec16
1,128,,2,1,batched,30,0,4,1.641508457949385,,,1,offline completion from common arrival,replay-2-0,6f543ee6af6b8920,code,0,c12358112bcde5b798e8d49256aadcdb79a74920a12af33eceefc360c975ff72
1,128,,2,1,batched,30,0,5,1.9435229169903323,,,1,offline completion from common arrival,replay-2-1,6f543ee6af6b8920,code,1,9af6b5b5e7c296e4e997a0afd43064896d908dd16fd94949b8497c0ec878a383
1,128,,2,1,batched,30,0,6,2.214157541980967,,,1,offline completion from common arrival,replay-3-0,54dc4983ab578f2c,code,0,d2e970ccba38ef38b5871c9673def3ba341759a05b280645e2e00d52671724e8
1,128,,2,1,batched,30,0,7,2.6157286249799654,,,1,offline completion from common arrival,replay-3-1,54dc4983ab578f2c,code,1,a00e8bb8ae6325d5a92bab733139b8877628892cf432702c5b8e2be93963bb72
1,128,,2,1,batched,30,1,0,0.41710158402565867,,,1,offline completion from common arrival,replay-0-0,48938588903be5f0,math,0,27b260dc9006998d3cc07116750a2301f7c074bb87935263baaacb82ceefc7a8
1,128,,2,1,batched,30,1,1,0.8662039590417407,,,1,offline completion from common arrival,replay-0-1,48938588903be5f0,math,1,4d29a3653f4820017fca9a079e23341f237a5e27ce6fd820d5bd2aa31f55f1d9
1,128,,2,1,batched,30,1,2,1.4630981250084005,,,1,offline completion from common arrival,replay-1-0,5e269f66a46c0c02,retrieval,0,caebd297d2e6059d30182feb06b45dd81df40c616172d1aa4e6c323f3476ac02
1,128,,2,1,batched,30,1,3,1.9763512090430595,,,1,offline completion from common arrival,replay-1-1,5e269f66a46c0c02,retrieval,1,ddce54a1ab2625971ce0f90f1e8c5cf711905c05a8b7073b1352bfcd34dcec16
1,128,,2,1,batched,30,1,4,2.523479292052798,,,1,offline completion from common arrival,replay-2-0,6f543ee6af6b8920,code,0,c12358112bcde5b798e8d49256aadcdb79a74920a12af33eceefc360c975ff72
1,128,,2,1,batched,30,1,5,2.875639250036329,,,1,offline completion from common arrival,replay-2-1,6f543ee6af6b8920,code,1,9af6b5b5e7c296e4e997a0afd43064896d908dd16fd94949b8497c0ec878a383
1,128,,2,1,batched,30,1,6,3.159427084028721,,,1,offline completion from common arrival,replay-3-0,54dc4983ab578f2c,code,0,d2e970ccba38ef38b5871c9673def3ba341759a05b280645e2e00d52671724e8
1,128,,2,1,batched,30,1,7,3.4681902500451542,,,1,offline completion from common arrival,replay-3-1,54dc4983ab578f2c,code,1,a00e8bb8ae6325d5a92bab733139b8877628892cf432702c5b8e2be93963bb72
1,128,,2,1,batched,30,2,0,0.2609847909770906,,,1,offline completion from common arrival,replay-0-0,48938588903be5f0,math,0,27b260dc9006998d3cc07116750a2301f7c074bb87935263baaacb82ceefc7a8
1,128,,2,1,batched,30,2,1,0.6792247499688528,,,1,offline completion from common arrival,replay-0-1,48938588903be5f0,math,1,4d29a3653f4820017fca9a079e23341f237a5e27ce6fd820d5bd2aa31f55f1d9
1,128,,2,1,batched,30,2,2,1.756312707962934,,,1,offline completion from common arrival,replay-1-0,5e269f66a46c0c02,retrieval,0,caebd297d2e6059d30182feb06b45dd81df40c616172d1aa4e6c323f3476ac02
1,128,,2,1,batched,30,2,3,4.137620082998183,,,1,offline completion from common arrival,replay-1-1,5e269f66a46c0c02,retrieval,1,ddce54a1ab2625971ce0f90f1e8c5cf711905c05a8b7073b1352bfcd34dcec16
1,128,,2,1,batched,30,2,4,5.601371457974892,,,1,offline completion from common arrival,replay-2-0,6f543ee6af6b8920,code,0,c12358112bcde5b798e8d49256aadcdb79a74920a12af33eceefc360c975ff72
1,128,,2,1,batched,30,2,5,5.940178415970877,,,1,offline completion from common arrival,replay-2-1,6f543ee6af6b8920,code,1,9af6b5b5e7c296e4e997a0afd43064896d908dd16fd94949b8497c0ec878a383
1,128,,2,1,batched,30,2,6,6.211436415964272,,,1,offline completion from common arrival,replay-3-0,54dc4983ab578f2c,code,0,d2e970ccba38ef38b5871c9673def3ba341759a05b280645e2e00d52671724e8
1,128,,2,1,batched,30,2,7,6.556366624950897,,,1,offline completion from common arrival,replay-3-1,54dc4983ab578f2c,code,1,a00e8bb8ae6325d5a92bab733139b8877628892cf432702c5b8e2be93963bb72
1,128,4,2,1,dynamic,31,0,0,0.2486749580129981,4.9333961214870214e-05,0.24715137504972517,1,queue-inclusive service request,replay-0-0,48938588903be5f0,math,0,27b260dc9006998d3cc07116750a2301f7c074bb87935263baaacb82ceefc7a8
1,128,4,2,1,dynamic,31,0,1,0.5622717500082217,0.24719249998452142,0.31362854200415313,1,queue-inclusive service request,replay-0-1,48938588903be5f0,math,1,4d29a3653f4820017fca9a079e23341f237a5e27ce6fd820d5bd2aa31f55f1d9
1,128,4,2,1,dynamic,31,0,2,0.987383832980413,0.5608262090245262,0.4245007499703206,1,queue-inclusive service request,replay-1-0,5e269f66a46c0c02,retrieval,0,caebd297d2e6059d30182feb06b45dd81df40c616172d1aa4e6c323f3476ac02
1,128,4,2,1,dynamic,31,0,3,2.252854165970348,0.9853455409756862,1.2603664589696564,1,queue-inclusive service request,replay-1-1,5e269f66a46c0c02,retrieval,1,ddce54a1ab2625971ce0f90f1e8c5cf711905c05a8b7073b1352bfcd34dcec16
1,128,4,2,1,dynamic,31,0,4,4.163887457980309,2.245794249989558,1.9156307090306655,1,queue-inclusive service request,replay-2-0,6f543ee6af6b8920,code,0,c12358112bcde5b798e8d49256aadcdb79a74920a12af33eceefc360c975ff72
1,128,4,2,1,dynamic,31,0,5,5.070895999961067,4.16148304194212,0.9080403330153786,1,queue-inclusive service request,replay-2-1,6f543ee6af6b8920,code,1,9af6b5b5e7c296e4e997a0afd43064896d908dd16fd94949b8497c0ec878a383
1,128,4,2,1,dynamic,31,0,6,5.353332083032001,5.069535417016596,0.28225583297898993,1,queue-inclusive service request,replay-3-0,54dc4983ab578f2c,code,0,d2e970ccba38ef38b5871c9673def3ba341759a05b280645e2e00d52671724e8
1,128,4,2,1,dynamic,31,0,7,6.365130582998972,5.351800665957853,1.0131937920232303,1,queue-inclusive service request,replay-3-1,54dc4983ab578f2c,code,1,a00e8bb8ae6325d5a92bab733139b8877628892cf432702c5b8e2be93963bb72
1,128,4,2,1,dynamic,31,1,0,0.522200542036444,6.912497337907553e-05,0.5206244169967249,1,queue-inclusive service request,replay-0-0,48938588903be5f0,math,0,27b260dc9006998d3cc07116750a2301f7c074bb87935263baaacb82ceefc7a8
1,128,4,2,1,dynamic,31,1,1,0.8579306669998914,0.5206822500331327,0.33584883296862245,1,queue-inclusive service request,replay-0-1,48938588903be5f0,math,1,4d29a3653f4820017fca9a079e23341f237a5e27ce6fd820d5bd2aa31f55f1d9
1,128,4,2,1,dynamic,31,1,2,1.3070812920341268,0.8565319170593284,0.4486728749470785,1,queue-inclusive service request,replay-1-0,5e269f66a46c0c02,retrieval,0,caebd297d2e6059d30182feb06b45dd81df40c616172d1aa4e6c323f3476ac02
1,128,4,2,1,dynamic,31,1,3,1.6379094159929082,1.3052302079740912,0.33132845803629607,1,queue-inclusive service request,replay-1-1,5e269f66a46c0c02,retrieval,1,ddce54a1ab2625971ce0f90f1e8c5cf711905c05a8b7073b1352bfcd34dcec16
1,128,4,2,1,dynamic,31,1,4,1.8953110830043443,1.6365623740130104,0.2570675000315532,1,queue-inclusive service request,replay-2-0,6f543ee6af6b8920,code,0,c12358112bcde5b798e8d49256aadcdb79a74920a12af33eceefc360c975ff72
1,128,4,2,1,dynamic,31,1,5,2.1769748750375584,1.8936405420536175,0.28201591700781137,1,queue-inclusive service request,replay-2-1,6f543ee6af6b8920,code,1,9af6b5b5e7c296e4e997a0afd43064896d908dd16fd94949b8497c0ec878a383
1,128,4,2,1,dynamic,31,1,6,2.412361124996096,2.1756676670047455,0.2352621250320226,1,queue-inclusive service request,replay-3-0,54dc4983ab578f2c,code,0,d2e970ccba38ef38b5871c9673def3ba341759a05b280645e2e00d52671724e8
1,128,4,2,1,dynamic,31,1,7,2.6909741669660434,2.4109377919812687,0.2800000419956632,1,queue-inclusive service request,replay-3-1,54dc4983ab578f2c,code,1,a00e8bb8ae6325d5a92bab733139b8877628892cf432702c5b8e2be93963bb72
1,128,4,2,1,dynamic,31,2,0,0.231435458001215,5.270796827971935e-05,0.22998699999880046,1,queue-inclusive service request,replay-0-0,48938588903be5f0,math,0,27b260dc9006998d3cc07116750a2301f7c074bb87935263baaacb82ceefc7a8
1,128,4,2,1,dynamic,31,2,1,0.5099990000016987,0.23003537498880178,0.27863287494983524,1,queue-inclusive service request,replay-0-1,48938588903be5f0,math,1,4d29a3653f4820017fca9a079e23341f237a5e27ce6fd820d5bd2aa31f55f1d9
1,128,4,2,1,dynamic,31,2,2,1.5720945830107667,0.5086721670231782,1.0562806249945424,1,queue-inclusive service request,replay-1-0,5e269f66a46c0c02,retrieval,0,caebd297d2e6059d30182feb06b45dd81df40c616172d1aa4e6c323f3476ac02
1,128,4,2,1,dynamic,31,2,3,2.5239322500419803,1.5654032910242677,0.9565743339480832,1,queue-inclusive service request,replay-1-1,5e269f66a46c0c02,retrieval,1,ddce54a1ab2625971ce0f90f1e8c5cf711905c05a8b7073b1352bfcd34dcec16
1,128,4,2,1,dynamic,31,2,4,2.794746415980626,2.5219813330331817,0.2713398329797201,1,queue-inclusive service request,replay-2-0,6f543ee6af6b8920,code,0,c12358112bcde5b798e8d49256aadcdb79a74920a12af33eceefc360c975ff72
1,128,4,2,1,dynamic,31,2,5,3.085013500007335,2.7933300840086304,0.29027324996422976,1,queue-inclusive service request,replay-2-1,6f543ee6af6b8920,code,1,9af6b5b5e7c296e4e997a0afd43064896d908dd16fd94949b8497c0ec878a383
1,128,4,2,1,dynamic,31,2,6,3.380279208009597,3.0836129580275156,0.2951537909684703,1,queue-inclusive service request,replay-3-0,54dc4983ab578f2c,code,0,d2e970ccba38ef38b5871c9673def3ba341759a05b280645e2e00d52671724e8
1,128,4,2,1,dynamic,31,2,7,3.6929303749930114,3.3787812920636497,0.31408549996558577,1,queue-inclusive service request,replay-3-1,54dc4983ab578f2c,code,1,a00e8bb8ae6325d5a92bab733139b8877628892cf432702c5b8e2be93963bb72
1,128,4,3,1,single,32,0,0,1.2003939999849536,0.0029776250012218952,1.1941257499856874,1,queue-inclusive service request,replay-0-0,48938588903be5f0,math,0,27b260dc9006998d3cc07116750a2301f7c074bb87935263baaacb82ceefc7a8
1,128,4,3,1,single,32,0,1,1.62677558301948,1.1927865000325255,0.43212966597639024,1,queue-inclusive service request,replay-0-1,48938588903be5f0,math,1,4d29a3653f4820017fca9a079e23341f237a5e27ce6fd820d5bd2aa31f55f1d9
1,128,4,3,1,single,32,0,2,1.996619958023075,1.624989167030435,0.3700899579562247,1,queue-inclusive service request,replay-1-0,5e269f66a46c0c02,retrieval,0,caebd297d2e6059d30182feb06b45dd81df40c616172d1aa4e6c323f3476ac02
1,128,4,3,1,single,32,0,3,2.3739309580414556,1.995118958002422,0.37730183301027864,1,queue-inclusive service request,replay-1-1,5e269f66a46c0c02,retrieval,1,ddce54a1ab2625971ce0f90f1e8c5cf711905c05a8b7073b1352bfcd34dcec16
1,128,4,3,1,single,32,0,4,2.717057084024418,2.3724737919983454,0.3430292500415817,1,queue-inclusive service request,replay-2-0,6f543ee6af6b8920,code,0,c12358112bcde5b798e8d49256aadcdb79a74920a12af33eceefc360c975ff72
1,128,4,3,1,single,32,0,5,3.0163142080418766,2.71554341702722,0.29922362498473376,1,queue-inclusive service request,replay-2-1,6f543ee6af6b8920,code,1,9af6b5b5e7c296e4e997a0afd43064896d908dd16fd94949b8497c0ec878a383
1,128,4,3,1,single,32,0,6,3.2673947910079733,3.01479600003222,0.2510141659877263,1,queue-inclusive service request,replay-3-0,54dc4983ab578f2c,code,0,d2e970ccba38ef38b5871c9673def3ba341759a05b280645e2e00d52671724e8
1,128,4,3,1,single,32,0,7,3.55185716698179,3.265839792031329,0.2858918749843724,1,queue-inclusive service request,replay-3-1,54dc4983ab578f2c,code,1,a00e8bb8ae6325d5a92bab733139b8877628892cf432702c5b8e2be93963bb72
1,128,4,3,1,single,32,1,0,0.25541970803169534,0.0001403330243192613,0.25369595899246633,1,queue-inclusive service request,replay-0-0,48938588903be5f0,math,0,27b260dc9006998d3cc07116750a2301f7c074bb87935263baaacb82ceefc7a8
1,128,4,3,1,single,32,1,1,0.546859041962307,0.2523740420001559,0.2930517079657875,1,queue-inclusive service request,replay-0-1,48938588903be5f0,math,1,4d29a3653f4820017fca9a079e23341f237a5e27ce6fd820d5bd2aa31f55f1d9
1,128,4,3,1,single,32,1,2,1.250158916984219,0.5454419580055401,0.7027747919782996,1,queue-inclusive service request,replay-1-0,5e269f66a46c0c02,retrieval,0,caebd297d2e6059d30182feb06b45dd81df40c616172d1aa4e6c323f3476ac02
1,128,4,3,1,single,32,1,3,2.0110378329991363,1.2482925420044921,0.7597399579826742,1,queue-inclusive service request,replay-1-1,5e269f66a46c0c02,retrieval,1,ddce54a1ab2625971ce0f90f1e8c5cf711905c05a8b7073b1352bfcd34dcec16
1,128,4,3,1,single,32,1,4,4.0019658749806695,2.0082330830045976,1.9848714169929735,1,queue-inclusive service request,replay-2-0,6f543ee6af6b8920,code,0,c12358112bcde5b798e8d49256aadcdb79a74920a12af33eceefc360c975ff72
1,128,4,3,1,single,32,1,5,6.156901166017633,3.994023041042965,2.159242416964844,1,queue-inclusive service request,replay-2-1,6f543ee6af6b8920,code,1,9af6b5b5e7c296e4e997a0afd43064896d908dd16fd94949b8497c0ec878a383
1,128,4,3,1,single,32,1,6,7.361635708017275,6.153524500026833,1.2060434159939177,1,queue-inclusive service request,replay-3-0,54dc4983ab578f2c,code,0,d2e970ccba38ef38b5871c9673def3ba341759a05b280645e2e00d52671724e8
1,128,4,3,1,single,32,1,7,8.6111264579813,7.35959504096536,1.251019042043481,1,queue-inclusive service request,replay-3-1,54dc4983ab578f2c,code,1,a00e8bb8ae6325d5a92bab733139b8877628892cf432702c5b8e2be93963bb72
1,128,4,3,1,single,32,2,0,0.8886069579748437,0.00015899998834356666,0.8868079169769771,1,queue-inclusive service request,replay-0-0,48938588903be5f0,math,0,27b260dc9006998d3cc07116750a2301f7c074bb87935263baaacb82ceefc7a8
1,128,4,3,1,single,32,2,1,1.2281386670074426,0.8846450839773752,0.34202983300201595,1,queue-inclusive service request,replay-0-1,48938588903be5f0,math,1,4d29a3653f4820017fca9a079e23341f237a5e27ce6fd820d5bd2aa31f55f1d9
1,128,4,3,1,single,32,2,2,1.6030598329962231,1.2266863329568878,0.3744799590203911,1,queue-inclusive service request,replay-1-0,5e269f66a46c0c02,retrieval,0,caebd297d2e6059d30182feb06b45dd81df40c616172d1aa4e6c323f3476ac02
1,128,4,3,1,single,32,2,3,1.911912957963068,1.6012289999634959,0.3091982080368325,1,queue-inclusive service request,replay-1-1,5e269f66a46c0c02,retrieval,1,ddce54a1ab2625971ce0f90f1e8c5cf711905c05a8b7073b1352bfcd34dcec16
1,128,4,3,1,single,32,2,4,2.1902016670210287,1.9104509169701487,0.27824629202950746,1,queue-inclusive service request,replay-2-0,6f543ee6af6b8920,code,0,c12358112bcde5b798e8d49256aadcdb79a74920a12af33eceefc360c975ff72
1,128,4,3,1,single,32,2,5,2.4938457080279477,2.1887280420050956,0.30363091599429026,1,queue-inclusive service request,replay-2-1,6f543ee6af6b8920,code,1,9af6b5b5e7c296e4e997a0afd43064896d908dd16fd94949b8497c0ec878a383
1,128,4,3,1,single,32,2,6,2.8297470419784077,2.4923871249775402,0.33569812501082197,1,queue-inclusive service request,replay-3-0,54dc4983ab578f2c,code,0,d2e970ccba38ef38b5871c9673def3ba341759a05b280645e2e00d52671724e8
1,128,4,3,1,single,32,2,7,3.2243118749465793,2.8281151249539107,0.39608583302469924,1,queue-inclusive service request,replay-3-1,54dc4983ab578f2c,code,1,a00e8bb8ae6325d5a92bab733139b8877628892cf432702c5b8e2be93963bb72
1,128,4,3,1,dynamic,33,0,0,0.2435559169971384,4.554202314466238e-05,0.241950707975775,1,queue-inclusive service request,replay-0-0,48938588903be5f0,math,0,27b260dc9006998d3cc07116750a2301f7c074bb87935263baaacb82ceefc7a8
1,128,4,3,1,dynamic,33,0,1,0.9800440840190277,0.2419935839716345,0.7357257080147974,1,queue-inclusive service request,replay-0-1,48938588903be5f0,math,1,4d29a3653f4820017fca9a079e23341f237a5e27ce6fd820d5bd2aa31f55f1d9
1,128,4,3,1,dynamic,33,0,2,2.0367218750179745,0.9777617509826086,1.0573993329890072,1,queue-inclusive service request,replay-1-0,5e269f66a46c0c02,retrieval,0,caebd297d2e6059d30182feb06b45dd81df40c616172d1aa4e6c323f3476ac02
1,128,4,3,1,dynamic,33,0,3,2.3495972499949858,2.0351702920161188,0.3130843749968335,1,queue-inclusive service request,replay-1-1,5e269f66a46c0c02,retrieval,1,ddce54a1ab2625971ce0f90f1e8c5cf711905c05a8b7073b1352bfcd34dcec16
1,128,4,3,1,dynamic,33,0,4,2.6038307499838993,2.3482588750193827,0.25413291703443974,1,queue-inclusive service request,replay-2-0,6f543ee6af6b8920,code,0,c12358112bcde5b798e8d49256aadcdb79a74920a12af33eceefc360c975ff72
1,128,4,3,1,dynamic,33,0,5,3.474122832994908,2.602401958021801,0.8667379169492051,1,queue-inclusive service request,replay-2-1,6f543ee6af6b8920,code,1,9af6b5b5e7c296e4e997a0afd43064896d908dd16fd94949b8497c0ec878a383
1,128,4,3,1,dynamic,33,0,6,5.135145832959097,3.469183290959336,1.6604842920205556,1,queue-inclusive service request,replay-3-0,54dc4983ab578f2c,code,0,d2e970ccba38ef38b5871c9673def3ba341759a05b280645e2e00d52671724e8
1,128,4,3,1,dynamic,33,0,7,7.128018333052751,5.129779333015904,1.998103041027207,1,queue-inclusive service request,replay-3-1,54dc4983ab578f2c,code,1,a00e8bb8ae6325d5a92bab733139b8877628892cf432702c5b8e2be93963bb72
1,128,4,3,1,dynamic,33,1,0,0.4078054999699816,5.9208949096500874e-05,0.4062595409923233,1,queue-inclusive service request,replay-0-0,48938588903be5f0,math,0,27b260dc9006998d3cc07116750a2301f7c074bb87935263baaacb82ceefc7a8
1,128,4,3,1,dynamic,33,1,1,0.774416625034064,0.40630820801015943,0.36653191701043397,1,queue-inclusive service request,replay-0-1,48938588903be5f0,math,1,4d29a3653f4820017fca9a079e23341f237a5e27ce6fd820d5bd2aa31f55f1d9
1,128,4,3,1,dynamic,33,1,2,1.5755212080548517,0.772845458064694,0.8007453329628333,1,queue-inclusive service request,replay-1-0,5e269f66a46c0c02,retrieval,0,caebd297d2e6059d30182feb06b45dd81df40c616172d1aa4e6c323f3476ac02
1,128,4,3,1,dynamic,33,1,3,1.9157746250275522,1.5736142920795828,0.3408224579761736,1,queue-inclusive service request,replay-1-1,5e269f66a46c0c02,retrieval,1,ddce54a1ab2625971ce0f90f1e8c5cf711905c05a8b7073b1352bfcd34dcec16
1,128,4,3,1,dynamic,33,1,4,2.169696125027258,1.9144403329701163,0.25387791701359674,1,queue-inclusive service request,replay-2-0,6f543ee6af6b8920,code,0,c12358112bcde5b798e8d49256aadcdb79a74920a12af33eceefc360c975ff72
1,128,4,3,1,dynamic,33,1,5,2.5449103330029175,2.1683268330525607,0.37292841699672863,1,queue-inclusive service request,replay-2-1,6f543ee6af6b8920,code,1,9af6b5b5e7c296e4e997a0afd43064896d908dd16fd94949b8497c0ec878a383
1,128,4,3,1,dynamic,33,1,6,2.949914458033163,2.5413135830312967,0.40719670901307836,1,queue-inclusive service request,replay-3-0,54dc4983ab578f2c,code,0,d2e970ccba38ef38b5871c9673def3ba341759a05b280645e2e00d52671724e8
1,128,4,3,1,dynamic,33,1,7,3.7937545829918236,2.9485214999876916,0.8451592919882387,1,queue-inclusive service request,replay-3-1,54dc4983ab578f2c,code,1,a00e8bb8ae6325d5a92bab733139b8877628892cf432702c5b8e2be93963bb72
1,128,4,3,1,dynamic,33,2,0,0.29670174996135756,5.2541960030794144e-05,0.2951677499804646,1,queue-inclusive service request,replay-0-0,48938588903be5f0,math,0,27b260dc9006998d3cc07116750a2301f7c074bb87935263baaacb82ceefc7a8
1,128,4,3,1,dynamic,33,2,1,0.6339065830106847,0.2952132500358857,0.33714916597818956,1,queue-inclusive service request,replay-0-1,48938588903be5f0,math,1,4d29a3653f4820017fca9a079e23341f237a5e27ce6fd820d5bd2aa31f55f1d9
1,128,4,3,1,dynamic,33,2,2,1.0424329589586705,0.6323694159509614,0.4086153340176679,1,queue-inclusive service request,replay-1-0,5e269f66a46c0c02,retrieval,0,caebd297d2e6059d30182feb06b45dd81df40c616172d1aa4e6c323f3476ac02
1,128,4,3,1,dynamic,33,2,3,1.5326504159602337,1.0409918339573778,0.4890114580048248,1,queue-inclusive service request,replay-1-1,5e269f66a46c0c02,retrieval,1,ddce54a1ab2625971ce0f90f1e8c5cf711905c05a8b7073b1352bfcd34dcec16
1,128,4,3,1,dynamic,33,2,4,2.318959249998443,1.5300087500363588,0.7865868750377558,1,queue-inclusive service request,replay-2-0,6f543ee6af6b8920,code,0,c12358112bcde5b798e8d49256aadcdb79a74920a12af33eceefc360c975ff72
1,128,4,3,1,dynamic,33,2,5,2.923552083026152,2.3166459160274826,0.6054942499613389,1,queue-inclusive service request,replay-2-1,6f543ee6af6b8920,code,1,9af6b5b5e7c296e4e997a0afd43064896d908dd16fd94949b8497c0ec878a383
1,128,4,3,1,dynamic,33,2,6,3.23630074999528,2.9221501670544967,0.3125955839641392,1,queue-inclusive service request,replay-3-0,54dc4983ab578f2c,code,0,d2e970ccba38ef38b5871c9673def3ba341759a05b280645e2e00d52671724e8
1,128,4,3,1,dynamic,33,2,7,3.560300792043563,3.234755041077733,0.3254980839556083,1,queue-inclusive service request,replay-3-1,54dc4983ab578f2c,code,1,a00e8bb8ae6325d5a92bab733139b8877628892cf432702c5b8e2be93963bb72
1,128,,1,1,batched,34,0,0,0.44331775000318885,,,1,offline completion from common arrival,replay-0-0,48938588903be5f0,math,0,27b260dc9006998d3cc07116750a2301f7c074bb87935263baaacb82ceefc7a8
1,128,,1,1,batched,34,0,1,0.8482792919967324,,,1,offline completion from common arrival,replay-0-1,48938588903be5f0,math,1,4d29a3653f4820017fca9a079e23341f237a5e27ce6fd820d5bd2aa31f55f1d9
1,128,,1,1,batched,34,0,2,1.6706239170162007,,,1,offline completion from common arrival,replay-1-0,5e269f66a46c0c02,retrieval,0,caebd297d2e6059d30182feb06b45dd81df40c616172d1aa4e6c323f3476ac02
1,128,,1,1,batched,34,0,3,2.494305458967574,,,1,offline completion from common arrival,replay-1-1,5e269f66a46c0c02,retrieval,1,ddce54a1ab2625971ce0f90f1e8c5cf711905c05a8b7073b1352bfcd34dcec16
1,128,,1,1,batched,34,0,4,2.8555589169845916,,,1,offline completion from common arrival,replay-2-0,6f543ee6af6b8920,code,0,c12358112bcde5b798e8d49256aadcdb79a74920a12af33eceefc360c975ff72
1,128,,1,1,batched,34,0,5,3.1757339169853367,,,1,offline completion from common arrival,replay-2-1,6f543ee6af6b8920,code,1,9af6b5b5e7c296e4e997a0afd43064896d908dd16fd94949b8497c0ec878a383
1,128,,1,1,batched,34,0,6,3.4526785839698277,,,1,offline completion from common arrival,replay-3-0,54dc4983ab578f2c,code,0,d2e970ccba38ef38b5871c9673def3ba341759a05b280645e2e00d52671724e8
1,128,,1,1,batched,34,0,7,3.8086664589936845,,,1,offline completion from common arrival,replay-3-1,54dc4983ab578f2c,code,1,a00e8bb8ae6325d5a92bab733139b8877628892cf432702c5b8e2be93963bb72
1,128,,1,1,batched,34,1,0,0.25364504096796736,,,1,offline completion from common arrival,replay-0-0,48938588903be5f0,math,0,27b260dc9006998d3cc07116750a2301f7c074bb87935263baaacb82ceefc7a8
1,128,,1,1,batched,34,1,1,0.5541197079583071,,,1,offline completion from common arrival,replay-0-1,48938588903be5f0,math,1,4d29a3653f4820017fca9a079e23341f237a5e27ce6fd820d5bd2aa31f55f1d9
1,128,,1,1,batched,34,1,2,0.8288974579772912,,,1,offline completion from common arrival,replay-1-0,5e269f66a46c0c02,retrieval,0,caebd297d2e6059d30182feb06b45dd81df40c616172d1aa4e6c323f3476ac02
1,128,,1,1,batched,34,1,3,1.1352258749539033,,,1,offline completion from common arrival,replay-1-1,5e269f66a46c0c02,retrieval,1,ddce54a1ab2625971ce0f90f1e8c5cf711905c05a8b7073b1352bfcd34dcec16
1,128,,1,1,batched,34,1,4,1.3829892079811543,,,1,offline completion from common arrival,replay-2-0,6f543ee6af6b8920,code,0,c12358112bcde5b798e8d49256aadcdb79a74920a12af33eceefc360c975ff72
1,128,,1,1,batched,34,1,5,1.6808309580083005,,,1,offline completion from common arrival,replay-2-1,6f543ee6af6b8920,code,1,9af6b5b5e7c296e4e997a0afd43064896d908dd16fd94949b8497c0ec878a383
1,128,,1,1,batched,34,1,6,1.924614040995948,,,1,offline completion from common arrival,replay-3-0,54dc4983ab578f2c,code,0,d2e970ccba38ef38b5871c9673def3ba341759a05b280645e2e00d52671724e8
1,128,,1,1,batched,34,1,7,2.2601661249645986,,,1,offline completion from common arrival,replay-3-1,54dc4983ab578f2c,code,1,a00e8bb8ae6325d5a92bab733139b8877628892cf432702c5b8e2be93963bb72
1,128,,1,1,batched,34,2,0,0.27001095801824704,,,1,offline completion from common arrival,replay-0-0,48938588903be5f0,math,0,27b260dc9006998d3cc07116750a2301f7c074bb87935263baaacb82ceefc7a8
1,128,,1,1,batched,34,2,1,0.642879625025671,,,1,offline completion from common arrival,replay-0-1,48938588903be5f0,math,1,4d29a3653f4820017fca9a079e23341f237a5e27ce6fd820d5bd2aa31f55f1d9
1,128,,1,1,batched,34,2,2,0.9993419999955222,,,1,offline completion from common arrival,replay-1-0,5e269f66a46c0c02,retrieval,0,caebd297d2e6059d30182feb06b45dd81df40c616172d1aa4e6c323f3476ac02
1,128,,1,1,batched,34,2,3,1.3574323750217445,,,1,offline completion from common arrival,replay-1-1,5e269f66a46c0c02,retrieval,1,ddce54a1ab2625971ce0f90f1e8c5cf711905c05a8b7073b1352bfcd34dcec16
1,128,,1,1,batched,34,2,4,2.2822867080103606,,,1,offline completion from common arrival,replay-2-0,6f543ee6af6b8920,code,0,c12358112bcde5b798e8d49256aadcdb79a74920a12af33eceefc360c975ff72
1,128,,1,1,batched,34,2,5,2.703058291983325,,,1,offline completion from common arrival,replay-2-1,6f543ee6af6b8920,code,1,9af6b5b5e7c296e4e997a0afd43064896d908dd16fd94949b8497c0ec878a383
1,128,,1,1,batched,34,2,6,2.994745167030487,,,1,offline completion from common arrival,replay-3-0,54dc4983ab578f2c,code,0,d2e970ccba38ef38b5871c9673def3ba341759a05b280645e2e00d52671724e8
1,128,,1,1,batched,34,2,7,3.309552291990258,,,1,offline completion from common arrival,replay-3-1,54dc4983ab578f2c,code,1,a00e8bb8ae6325d5a92bab733139b8877628892cf432702c5b8e2be93963bb72
1,128,,3,1,batched,35,0,0,0.24274575000163168,,,1,offline completion from common arrival,replay-0-0,48938588903be5f0,math,0,27b260dc9006998d3cc07116750a2301f7c074bb87935263baaacb82ceefc7a8
1,128,,3,1,batched,35,0,1,0.5405733750085346,,,1,offline completion from common arrival,replay-0-1,48938588903be5f0,math,1,4d29a3653f4820017fca9a079e23341f237a5e27ce6fd820d5bd2aa31f55f1d9
1,128,,3,1,batched,35,0,2,0.8918901670258492,,,1,offline completion from common arrival,replay-1-0,5e269f66a46c0c02,retrieval,0,caebd297d2e6059d30182feb06b45dd81df40c616172d1aa4e6c323f3476ac02
1,128,,3,1,batched,35,0,3,1.2461981250089593,,,1,offline completion from common arrival,replay-1-1,5e269f66a46c0c02,retrieval,1,ddce54a1ab2625971ce0f90f1e8c5cf711905c05a8b7073b1352bfcd34dcec16
1,128,,3,1,batched,35,0,4,1.5307804580079392,,,1,offline completion from common arrival,replay-2-0,6f543ee6af6b8920,code,0,c12358112bcde5b798e8d49256aadcdb79a74920a12af33eceefc360c975ff72
1,128,,3,1,batched,35,0,5,3.1337171249906532,,,1,offline completion from common arrival,replay-2-1,6f543ee6af6b8920,code,1,9af6b5b5e7c296e4e997a0afd43064896d908dd16fd94949b8497c0ec878a383
1,128,,3,1,batched,35,0,6,3.5583217500243336,,,1,offline completion from common arrival,replay-3-0,54dc4983ab578f2c,code,0,d2e970ccba38ef38b5871c9673def3ba341759a05b280645e2e00d52671724e8
1,128,,3,1,batched,35,0,7,3.8841004580026492,,,1,offline completion from common arrival,replay-3-1,54dc4983ab578f2c,code,1,a00e8bb8ae6325d5a92bab733139b8877628892cf432702c5b8e2be93963bb72
1,128,,3,1,batched,35,1,0,0.2532388750114478,,,1,offline completion from common arrival,replay-0-0,48938588903be5f0,math,0,27b260dc9006998d3cc07116750a2301f7c074bb87935263baaacb82ceefc7a8
1,128,,3,1,batched,35,1,1,0.5428017919766717,,,1,offline completion from common arrival,replay-0-1,48938588903be5f0,math,1,4d29a3653f4820017fca9a079e23341f237a5e27ce6fd820d5bd2aa31f55f1d9
1,128,,3,1,batched,35,1,2,0.8213609590311535,,,1,offline completion from common arrival,replay-1-0,5e269f66a46c0c02,retrieval,0,caebd297d2e6059d30182feb06b45dd81df40c616172d1aa4e6c323f3476ac02
1,128,,3,1,batched,35,1,3,1.1109826249885373,,,1,offline completion from common arrival,replay-1-1,5e269f66a46c0c02,retrieval,1,ddce54a1ab2625971ce0f90f1e8c5cf711905c05a8b7073b1352bfcd34dcec16
1,128,,3,1,batched,35,1,4,1.374769042013213,,,1,offline completion from common arrival,replay-2-0,6f543ee6af6b8920,code,0,c12358112bcde5b798e8d49256aadcdb79a74920a12af33eceefc360c975ff72
1,128,,3,1,batched,35,1,5,1.6744515839964151,,,1,offline completion from common arrival,replay-2-1,6f543ee6af6b8920,code,1,9af6b5b5e7c296e4e997a0afd43064896d908dd16fd94949b8497c0ec878a383
1,128,,3,1,batched,35,1,6,1.9115165839903057,,,1,offline completion from common arrival,replay-3-0,54dc4983ab578f2c,code,0,d2e970ccba38ef38b5871c9673def3ba341759a05b280645e2e00d52671724e8
1,128,,3,1,batched,35,1,7,2.2167282089940272,,,1,offline completion from common arrival,replay-3-1,54dc4983ab578f2c,code,1,a00e8bb8ae6325d5a92bab733139b8877628892cf432702c5b8e2be93963bb72
1,128,,3,1,batched,35,2,0,0.23218524997355416,,,1,offline completion from common arrival,replay-0-0,48938588903be5f0,math,0,27b260dc9006998d3cc07116750a2301f7c074bb87935263baaacb82ceefc7a8
1,128,,3,1,batched,35,2,1,0.6424461659626104,,,1,offline completion from common arrival,replay-0-1,48938588903be5f0,math,1,4d29a3653f4820017fca9a079e23341f237a5e27ce6fd820d5bd2aa31f55f1d9
1,128,,3,1,batched,35,2,2,1.0453854999504983,,,1,offline completion from common arrival,replay-1-0,5e269f66a46c0c02,retrieval,0,caebd297d2e6059d30182feb06b45dd81df40c616172d1aa4e6c323f3476ac02
1,128,,3,1,batched,35,2,3,1.6176007079775445,,,1,offline completion from common arrival,replay-1-1,5e269f66a46c0c02,retrieval,1,ddce54a1ab2625971ce0f90f1e8c5cf711905c05a8b7073b1352bfcd34dcec16
1,128,,3,1,batched,35,2,4,2.7095299159991555,,,1,offline completion from common arrival,replay-2-0,6f543ee6af6b8920,code,0,c12358112bcde5b798e8d49256aadcdb79a74920a12af33eceefc360c975ff72
1,128,,3,1,batched,35,2,5,3.064306915970519,,,1,offline completion from common arrival,replay-2-1,6f543ee6af6b8920,code,1,9af6b5b5e7c296e4e997a0afd43064896d908dd16fd94949b8497c0ec878a383
1,128,,3,1,batched,35,2,6,3.3275087499641813,,,1,offline completion from common arrival,replay-3-0,54dc4983ab578f2c,code,0,d2e970ccba38ef38b5871c9673def3ba341759a05b280645e2e00d52671724e8
1,128,,3,1,batched,35,2,7,3.616047457966488,,,1,offline completion from common arrival,replay-3-1,54dc4983ab578f2c,code,1,a00e8bb8ae6325d5a92bab733139b8877628892cf432702c5b8e2be93963bb72
